"","country","Loc","Type","latname","number","Family","Order","Spec_group","Det","Stage","Sex","Method","id"
"1","Belgium","It1","AF","Myotis daubentonii",1,"Vespertilionidae","Chiroptera","bats","Jari Vandendriessche & Bob Vandendriessche","","","AudioMoth recording","bat_acoust_1"
"2","Belgium","It1","AF","Pipistrellus nathusii",3,"Vespertilionidae","Chiroptera","bats","Jari Vandendriessche & Bob Vandendriessche","","","AudioMoth recording","bat_acoust_2"
"3","Belgium","It1","AF","Pipistrellus pipistrellus",26,"Vespertilionidae","Chiroptera","bats","Jari Vandendriessche & Bob Vandendriessche","","","AudioMoth recording","bat_acoust_3"
"4","Belgium","It1","Crtl","Nyctalus noctula",1,"Vespertilionidae","Chiroptera","bats","Jari Vandendriessche & Bob Vandendriessche","","","AudioMoth recording","bat_acoust_1"
"5","Belgium","It1","Crtl","Pipistrellus pipistrellus",14,"Vespertilionidae","Chiroptera","bats","Jari Vandendriessche & Bob Vandendriessche","","","AudioMoth recording","bat_acoust_2"
"6","Belgium","It2","AF","Nyctalus leisleri",2,"Vespertilionidae","Chiroptera","bats","Jari Vandendriessche & Bob Vandendriessche","","","AudioMoth recording","bat_acoust_1"
"7","Belgium","It2","AF","Nyctalus noctula",1,"Vespertilionidae","Chiroptera","bats","Jari Vandendriessche & Bob Vandendriessche","","","AudioMoth recording","bat_acoust_2"
"8","Belgium","It2","AF","Pipistrellus nathusii",3,"Vespertilionidae","Chiroptera","bats","Jari Vandendriessche & Bob Vandendriessche","","","AudioMoth recording","bat_acoust_3"
"9","Belgium","It2","AF","Pipistrellus pipistrellus",66,"Vespertilionidae","Chiroptera","bats","Jari Vandendriessche & Bob Vandendriessche","","","AudioMoth recording","bat_acoust_4"
"10","Belgium","It2","Crtl","Nyctalus leisleri",4,"Vespertilionidae","Chiroptera","bats","Jari Vandendriessche & Bob Vandendriessche","","","AudioMoth recording","bat_acoust_1"
"11","Belgium","It2","Crtl","Pipistrellus nathusii",1,"Vespertilionidae","Chiroptera","bats","Jari Vandendriessche & Bob Vandendriessche","","","AudioMoth recording","bat_acoust_2"
"12","Belgium","It2","Crtl","Pipistrellus pipistrellus",19,"Vespertilionidae","Chiroptera","bats","Jari Vandendriessche & Bob Vandendriessche","","","AudioMoth recording","bat_acoust_3"
"13","Belgium","It2","Crtl","Plecotus auritus/austriacus",1,"Vespertilionidae","Chiroptera","bats","Jari Vandendriessche & Bob Vandendriessche","","","AudioMoth recording","bat_acoust_4"
"14","Belgium","Lo1","AF","Cnephaeus serotinus",1,"Vespertilionidae","Chiroptera","bats","Jari Vandendriessche & Bob Vandendriessche","","","AudioMoth recording","bat_acoust_1"
"15","Belgium","Lo1","AF","Myotis daubentonii",14,"Vespertilionidae","Chiroptera","bats","Jari Vandendriessche & Bob Vandendriessche","","","AudioMoth recording","bat_acoust_2"
"16","Belgium","Lo1","AF","Nyctalus leisleri",3,"Vespertilionidae","Chiroptera","bats","Jari Vandendriessche & Bob Vandendriessche","","","AudioMoth recording","bat_acoust_3"
"17","Belgium","Lo1","AF","Nyctalus noctula",5,"Vespertilionidae","Chiroptera","bats","Jari Vandendriessche & Bob Vandendriessche","","","AudioMoth recording","bat_acoust_4"
"18","Belgium","Lo1","AF","Pipistrellus nathusii",18,"Vespertilionidae","Chiroptera","bats","Jari Vandendriessche & Bob Vandendriessche","","","AudioMoth recording","bat_acoust_5"
"19","Belgium","Lo1","AF","Pipistrellus pipistrellus",63,"Vespertilionidae","Chiroptera","bats","Jari Vandendriessche & Bob Vandendriessche","","","AudioMoth recording","bat_acoust_6"
"20","Belgium","Lo1","Crtl","Myotis daubentonii",4,"Vespertilionidae","Chiroptera","bats","Jari Vandendriessche & Bob Vandendriessche","","","AudioMoth recording","bat_acoust_1"
"21","Belgium","Lo1","Crtl","Nyctalus noctula",6,"Vespertilionidae","Chiroptera","bats","Jari Vandendriessche & Bob Vandendriessche","","","AudioMoth recording","bat_acoust_2"
"22","Belgium","Lo1","Crtl","Pipistrellus nathusii",3,"Vespertilionidae","Chiroptera","bats","Jari Vandendriessche & Bob Vandendriessche","","","AudioMoth recording","bat_acoust_3"
"23","Belgium","Lo1","Crtl","Pipistrellus pipistrellus",24,"Vespertilionidae","Chiroptera","bats","Jari Vandendriessche & Bob Vandendriessche","","","AudioMoth recording","bat_acoust_4"
"24","Belgium","Lo1","Crtl","Plecotus auritus/austriacus",3,"Vespertilionidae","Chiroptera","bats","Jari Vandendriessche & Bob Vandendriessche","","","AudioMoth recording","bat_acoust_5"
"25","Belgium","Lo2","AF","Cnephaeus serotinus",2,"Vespertilionidae","Chiroptera","bats","Jari Vandendriessche & Bob Vandendriessche","","","AudioMoth recording","bat_acoust_1"
"26","Belgium","Lo2","AF","Myotis daubentonii",4,"Vespertilionidae","Chiroptera","bats","Jari Vandendriessche & Bob Vandendriessche","","","AudioMoth recording","bat_acoust_2"
"27","Belgium","Lo2","AF","Nyctalus noctula",3,"Vespertilionidae","Chiroptera","bats","Jari Vandendriessche & Bob Vandendriessche","","","AudioMoth recording","bat_acoust_3"
"28","Belgium","Lo2","AF","Pipistrellus nathusii",7,"Vespertilionidae","Chiroptera","bats","Jari Vandendriessche & Bob Vandendriessche","","","AudioMoth recording","bat_acoust_4"
"29","Belgium","Lo2","AF","Pipistrellus pipistrellus",28,"Vespertilionidae","Chiroptera","bats","Jari Vandendriessche & Bob Vandendriessche","","","AudioMoth recording","bat_acoust_5"
"30","Belgium","Lo2","AF","Plecotus auritus/austriacus",1,"Vespertilionidae","Chiroptera","bats","Jari Vandendriessche & Bob Vandendriessche","","","AudioMoth recording","bat_acoust_6"
"31","Belgium","Lo2","Crtl","Myotis daubentonii",1,"Vespertilionidae","Chiroptera","bats","Jari Vandendriessche & Bob Vandendriessche","","","AudioMoth recording","bat_acoust_1"
"32","Belgium","Lo2","Crtl","Nyctalus noctula",3,"Vespertilionidae","Chiroptera","bats","Jari Vandendriessche & Bob Vandendriessche","","","AudioMoth recording","bat_acoust_2"
"33","Belgium","Lo2","Crtl","Pipistrellus nathusii",5,"Vespertilionidae","Chiroptera","bats","Jari Vandendriessche & Bob Vandendriessche","","","AudioMoth recording","bat_acoust_3"
"34","Belgium","Lo2","Crtl","Pipistrellus pipistrellus",26,"Vespertilionidae","Chiroptera","bats","Jari Vandendriessche & Bob Vandendriessche","","","AudioMoth recording","bat_acoust_4"
"35","Belgium","Ur1","AF","Myotis daubentonii",7,"Vespertilionidae","Chiroptera","bats","Jari Vandendriessche & Bob Vandendriessche","","","AudioMoth recording","bat_acoust_1"
"36","Belgium","Ur1","AF","Myotis myotis",8,"Vespertilionidae","Chiroptera","bats","Jari Vandendriessche & Bob Vandendriessche","","","AudioMoth recording","bat_acoust_2"
"37","Belgium","Ur1","AF","Myotis nattereri",1,"Vespertilionidae","Chiroptera","bats","Jari Vandendriessche & Bob Vandendriessche","","","AudioMoth recording","bat_acoust_3"
"38","Belgium","Ur1","AF","Pipistrellus pipistrellus",34,"Vespertilionidae","Chiroptera","bats","Jari Vandendriessche & Bob Vandendriessche","","","AudioMoth recording","bat_acoust_4"
"39","Belgium","Ur1","AF","Plecotus auritus/austriacus",2,"Vespertilionidae","Chiroptera","bats","Jari Vandendriessche & Bob Vandendriessche","","","AudioMoth recording","bat_acoust_5"
"40","Belgium","Ur1","Crtl","Myotis daubentonii",24,"Vespertilionidae","Chiroptera","bats","Jari Vandendriessche & Bob Vandendriessche","","","AudioMoth recording","bat_acoust_1"
"41","Belgium","Ur1","Crtl","Myotis myotis",12,"Vespertilionidae","Chiroptera","bats","Jari Vandendriessche & Bob Vandendriessche","","","AudioMoth recording","bat_acoust_2"
"42","Belgium","Ur1","Crtl","Myotis nattereri",4,"Vespertilionidae","Chiroptera","bats","Jari Vandendriessche & Bob Vandendriessche","","","AudioMoth recording","bat_acoust_3"
"43","Belgium","Ur1","Crtl","Pipistrellus nathusii",2,"Vespertilionidae","Chiroptera","bats","Jari Vandendriessche & Bob Vandendriessche","","","AudioMoth recording","bat_acoust_4"
"44","Belgium","Ur1","Crtl","Pipistrellus pipistrellus",54,"Vespertilionidae","Chiroptera","bats","Jari Vandendriessche & Bob Vandendriessche","","","AudioMoth recording","bat_acoust_5"
"45","Belgium","Ur1","Crtl","Plecotus auritus/austriacus",1,"Vespertilionidae","Chiroptera","bats","Jari Vandendriessche & Bob Vandendriessche","","","AudioMoth recording","bat_acoust_6"
"46","Belgium","Zo1","AF","Myotis daubentonii",10,"Vespertilionidae","Chiroptera","bats","Jari Vandendriessche & Bob Vandendriessche","","","AudioMoth recording","bat_acoust_1"
"47","Belgium","Zo1","AF","Nyctalus noctula",1,"Vespertilionidae","Chiroptera","bats","Jari Vandendriessche & Bob Vandendriessche","","","AudioMoth recording","bat_acoust_2"
"48","Belgium","Zo1","AF","Pipistrellus nathusii",3,"Vespertilionidae","Chiroptera","bats","Jari Vandendriessche & Bob Vandendriessche","","","AudioMoth recording","bat_acoust_3"
"49","Belgium","Zo1","AF","Pipistrellus pipistrellus",34,"Vespertilionidae","Chiroptera","bats","Jari Vandendriessche & Bob Vandendriessche","","","AudioMoth recording","bat_acoust_4"
"50","Belgium","Zo1","AF","Plecotus auritus/austriacus",6,"Vespertilionidae","Chiroptera","bats","Jari Vandendriessche & Bob Vandendriessche","","","AudioMoth recording","bat_acoust_5"
"51","Belgium","Zo1","Crtl","Nyctalus leisleri",1,"Vespertilionidae","Chiroptera","bats","Jari Vandendriessche & Bob Vandendriessche","","","AudioMoth recording","bat_acoust_1"
"52","Belgium","Zo1","Crtl","Nyctalus noctula",3,"Vespertilionidae","Chiroptera","bats","Jari Vandendriessche & Bob Vandendriessche","","","AudioMoth recording","bat_acoust_2"
"53","Belgium","Zo1","Crtl","Pipistrellus nathusii",7,"Vespertilionidae","Chiroptera","bats","Jari Vandendriessche & Bob Vandendriessche","","","AudioMoth recording","bat_acoust_3"
"54","Belgium","Zo1","Crtl","Pipistrellus pipistrellus",61,"Vespertilionidae","Chiroptera","bats","Jari Vandendriessche & Bob Vandendriessche","","","AudioMoth recording","bat_acoust_4"
"55","Belgium","Zo2","AF","Nyctalus noctula",1,"Vespertilionidae","Chiroptera","bats","Jari Vandendriessche & Bob Vandendriessche","","","AudioMoth recording","bat_acoust_1"
"56","Belgium","Zo2","AF","Pipistrellus nathusii",3,"Vespertilionidae","Chiroptera","bats","Jari Vandendriessche & Bob Vandendriessche","","","AudioMoth recording","bat_acoust_2"
"57","Belgium","Zo2","AF","Pipistrellus pipistrellus",22,"Vespertilionidae","Chiroptera","bats","Jari Vandendriessche & Bob Vandendriessche","","","AudioMoth recording","bat_acoust_3"
"58","Belgium","Zo2","AF","Plecotus auritus/austriacus",2,"Vespertilionidae","Chiroptera","bats","Jari Vandendriessche & Bob Vandendriessche","","","AudioMoth recording","bat_acoust_4"
"59","Belgium","Zo2","Crtl","Pipistrellus nathusii",2,"Vespertilionidae","Chiroptera","bats","Jari Vandendriessche & Bob Vandendriessche","","","AudioMoth recording","bat_acoust_1"
"60","Belgium","Zo2","Crtl","Pipistrellus pipistrellus",17,"Vespertilionidae","Chiroptera","bats","Jari Vandendriessche & Bob Vandendriessche","","","AudioMoth recording","bat_acoust_2"
"61","Czechia","Hu1","AF","Barbastella barbastellus",1,"Vespertilionidae","Chiroptera","bats","Jari Vandendriessche & Bob Vandendriessche","","","AudioMoth recording","bat_acoust_1"
"62","Czechia","Hu1","AF","Myotis daubentonii",8,"Vespertilionidae","Chiroptera","bats","Jari Vandendriessche & Bob Vandendriessche","","","AudioMoth recording","bat_acoust_2"
"63","Czechia","Hu1","AF","Myotis nattereri",8,"Vespertilionidae","Chiroptera","bats","Jari Vandendriessche & Bob Vandendriessche","","","AudioMoth recording","bat_acoust_3"
"64","Czechia","Hu1","AF","Nyctalus noctula",1,"Vespertilionidae","Chiroptera","bats","Jari Vandendriessche & Bob Vandendriessche","","","AudioMoth recording","bat_acoust_4"
"65","Czechia","Hu1","AF","Pipistrellus pipistrellus",22,"Vespertilionidae","Chiroptera","bats","Jari Vandendriessche & Bob Vandendriessche","","","AudioMoth recording","bat_acoust_5"
"66","Czechia","Hu1","AF","Pipistrellus pygmaeus",14,"Vespertilionidae","Chiroptera","bats","Jari Vandendriessche & Bob Vandendriessche","","","AudioMoth recording","bat_acoust_6"
"67","Czechia","Hu1","Crtl","Barbastella barbastellus",1,"Vespertilionidae","Chiroptera","bats","Jari Vandendriessche & Bob Vandendriessche","","","AudioMoth recording","bat_acoust_1"
"68","Czechia","Hu1","Crtl","Cnephaeus serotinus",1,"Vespertilionidae","Chiroptera","bats","Jari Vandendriessche & Bob Vandendriessche","","","AudioMoth recording","bat_acoust_2"
"69","Czechia","Hu1","Crtl","Myotis alcathoe",1,"Vespertilionidae","Chiroptera","bats","Jari Vandendriessche & Bob Vandendriessche","","","AudioMoth recording","bat_acoust_3"
"70","Czechia","Hu1","Crtl","Myotis daubentonii",2,"Vespertilionidae","Chiroptera","bats","Jari Vandendriessche & Bob Vandendriessche","","","AudioMoth recording","bat_acoust_4"
"71","Czechia","Hu1","Crtl","Myotis nattereri",1,"Vespertilionidae","Chiroptera","bats","Jari Vandendriessche & Bob Vandendriessche","","","AudioMoth recording","bat_acoust_5"
"72","Czechia","Hu1","Crtl","Nyctalus noctula",1,"Vespertilionidae","Chiroptera","bats","Jari Vandendriessche & Bob Vandendriessche","","","AudioMoth recording","bat_acoust_6"
"73","Czechia","Hu1","Crtl","Pipistrellus pipistrellus",18,"Vespertilionidae","Chiroptera","bats","Jari Vandendriessche & Bob Vandendriessche","","","AudioMoth recording","bat_acoust_7"
"74","Czechia","Hu1","Crtl","Pipistrellus pygmaeus",10,"Vespertilionidae","Chiroptera","bats","Jari Vandendriessche & Bob Vandendriessche","","","AudioMoth recording","bat_acoust_8"
"75","Czechia","Hu1","Crtl","Plecotus auritus/austriacus",2,"Vespertilionidae","Chiroptera","bats","Jari Vandendriessche & Bob Vandendriessche","","","AudioMoth recording","bat_acoust_9"
"76","Czechia","Hu1","Crtl","Vespertilio murinus",2,"Vespertilionidae","Chiroptera","bats","Jari Vandendriessche & Bob Vandendriessche","","","AudioMoth recording","bat_acoust_10"
"77","Czechia","Pr1","AF","Barbastella barbastellus",1,"Vespertilionidae","Chiroptera","bats","Jari Vandendriessche & Bob Vandendriessche","","","AudioMoth recording","bat_acoust_1"
"78","Czechia","Pr1","AF","Myotis daubentonii",1,"Vespertilionidae","Chiroptera","bats","Jari Vandendriessche & Bob Vandendriessche","","","AudioMoth recording","bat_acoust_2"
"79","Czechia","Pr1","AF","Nyctalus leisleri",15,"Vespertilionidae","Chiroptera","bats","Jari Vandendriessche & Bob Vandendriessche","","","AudioMoth recording","bat_acoust_3"
"80","Czechia","Pr1","AF","Nyctalus noctula",50,"Vespertilionidae","Chiroptera","bats","Jari Vandendriessche & Bob Vandendriessche","","","AudioMoth recording","bat_acoust_4"
"81","Czechia","Pr1","AF","Pipistrellus nathusii",2,"Vespertilionidae","Chiroptera","bats","Jari Vandendriessche & Bob Vandendriessche","","","AudioMoth recording","bat_acoust_5"
"82","Czechia","Pr1","AF","Pipistrellus pipistrellus",11,"Vespertilionidae","Chiroptera","bats","Jari Vandendriessche & Bob Vandendriessche","","","AudioMoth recording","bat_acoust_6"
"83","Czechia","Pr1","AF","Pipistrellus pygmaeus",15,"Vespertilionidae","Chiroptera","bats","Jari Vandendriessche & Bob Vandendriessche","","","AudioMoth recording","bat_acoust_7"
"84","Czechia","Pr1","Crtl","Nyctalus leisleri",4,"Vespertilionidae","Chiroptera","bats","Jari Vandendriessche & Bob Vandendriessche","","","AudioMoth recording","bat_acoust_1"
"85","Czechia","Pr1","Crtl","Nyctalus noctula",46,"Vespertilionidae","Chiroptera","bats","Jari Vandendriessche & Bob Vandendriessche","","","AudioMoth recording","bat_acoust_2"
"86","Czechia","Pr1","Crtl","Pipistrellus nathusii",2,"Vespertilionidae","Chiroptera","bats","Jari Vandendriessche & Bob Vandendriessche","","","AudioMoth recording","bat_acoust_3"
"87","Czechia","Pr1","Crtl","Pipistrellus pipistrellus",15,"Vespertilionidae","Chiroptera","bats","Jari Vandendriessche & Bob Vandendriessche","","","AudioMoth recording","bat_acoust_4"
"88","Czechia","Pr1","Crtl","Pipistrellus pygmaeus",17,"Vespertilionidae","Chiroptera","bats","Jari Vandendriessche & Bob Vandendriessche","","","AudioMoth recording","bat_acoust_5"
"89","Czechia","Sa Biocentrum","AF","Barbastella barbastellus",9,"Vespertilionidae","Chiroptera","bats","Jari Vandendriessche & Bob Vandendriessche","","","AudioMoth recording","bat_acoust_1"
"90","Czechia","Sa Biocentrum","AF","Myotis daubentonii",3,"Vespertilionidae","Chiroptera","bats","Jari Vandendriessche & Bob Vandendriessche","","","AudioMoth recording","bat_acoust_2"
"91","Czechia","Sa Biocentrum","AF","Myotis nattereri",2,"Vespertilionidae","Chiroptera","bats","Jari Vandendriessche & Bob Vandendriessche","","","AudioMoth recording","bat_acoust_3"
"92","Czechia","Sa Biocentrum","AF","Nyctalus leisleri",2,"Vespertilionidae","Chiroptera","bats","Jari Vandendriessche & Bob Vandendriessche","","","AudioMoth recording","bat_acoust_4"
"93","Czechia","Sa Biocentrum","AF","Pipistrellus nathusii",15,"Vespertilionidae","Chiroptera","bats","Jari Vandendriessche & Bob Vandendriessche","","","AudioMoth recording","bat_acoust_5"
"94","Czechia","Sa Biocentrum","AF","Pipistrellus pygmaeus",5,"Vespertilionidae","Chiroptera","bats","Jari Vandendriessche & Bob Vandendriessche","","","AudioMoth recording","bat_acoust_6"
"95","Czechia","Sa Biocentrum","Crtl","Hypsugo savii",5,"Vespertilionidae","Chiroptera","bats","Jari Vandendriessche & Bob Vandendriessche","","","AudioMoth recording","bat_acoust_1"
"96","Czechia","Sa Biocentrum","Crtl","Myotis daubentonii",2,"Vespertilionidae","Chiroptera","bats","Jari Vandendriessche & Bob Vandendriessche","","","AudioMoth recording","bat_acoust_2"
"97","Czechia","Sa Biocentrum","Crtl","Myotis nattereri",1,"Vespertilionidae","Chiroptera","bats","Jari Vandendriessche & Bob Vandendriessche","","","AudioMoth recording","bat_acoust_3"
"98","Czechia","Sa Biocentrum","Crtl","Nyctalus leisleri",2,"Vespertilionidae","Chiroptera","bats","Jari Vandendriessche & Bob Vandendriessche","","","AudioMoth recording","bat_acoust_4"
"99","Czechia","Sa Biocentrum","Crtl","Nyctalus noctula",5,"Vespertilionidae","Chiroptera","bats","Jari Vandendriessche & Bob Vandendriessche","","","AudioMoth recording","bat_acoust_5"
"100","Czechia","Sa Biocentrum","Crtl","Pipistrellus nathusii",25,"Vespertilionidae","Chiroptera","bats","Jari Vandendriessche & Bob Vandendriessche","","","AudioMoth recording","bat_acoust_6"
"101","Czechia","Sa Biocentrum","Crtl","Pipistrellus pipistrellus",7,"Vespertilionidae","Chiroptera","bats","Jari Vandendriessche & Bob Vandendriessche","","","AudioMoth recording","bat_acoust_7"
"102","Czechia","Sa Biocentrum","Crtl","Pipistrellus pygmaeus",5,"Vespertilionidae","Chiroptera","bats","Jari Vandendriessche & Bob Vandendriessche","","","AudioMoth recording","bat_acoust_8"
"103","Czechia","Sa1","AF","Barbastella barbastellus",8,"Vespertilionidae","Chiroptera","bats","Jari Vandendriessche & Bob Vandendriessche","","","AudioMoth recording","bat_acoust_1"
"104","Czechia","Sa1","AF","Cnephaeus nilssonii",1,"Vespertilionidae","Chiroptera","bats","Jari Vandendriessche & Bob Vandendriessche","","","AudioMoth recording","bat_acoust_2"
"105","Czechia","Sa1","AF","Cnephaeus serotinus",1,"Vespertilionidae","Chiroptera","bats","Jari Vandendriessche & Bob Vandendriessche","","","AudioMoth recording","bat_acoust_3"
"106","Czechia","Sa1","AF","Hypsugo savii",2,"Vespertilionidae","Chiroptera","bats","Jari Vandendriessche & Bob Vandendriessche","","","AudioMoth recording","bat_acoust_4"
"107","Czechia","Sa1","AF","Myotis daubentonii",3,"Vespertilionidae","Chiroptera","bats","Jari Vandendriessche & Bob Vandendriessche","","","AudioMoth recording","bat_acoust_5"
"108","Czechia","Sa1","AF","Myotis nattereri",1,"Vespertilionidae","Chiroptera","bats","Jari Vandendriessche & Bob Vandendriessche","","","AudioMoth recording","bat_acoust_6"
"109","Czechia","Sa1","AF","Nyctalus leisleri",9,"Vespertilionidae","Chiroptera","bats","Jari Vandendriessche & Bob Vandendriessche","","","AudioMoth recording","bat_acoust_7"
"110","Czechia","Sa1","AF","Nyctalus noctula",13,"Vespertilionidae","Chiroptera","bats","Jari Vandendriessche & Bob Vandendriessche","","","AudioMoth recording","bat_acoust_8"
"111","Czechia","Sa1","AF","Pipistrellus nathusii",14,"Vespertilionidae","Chiroptera","bats","Jari Vandendriessche & Bob Vandendriessche","","","AudioMoth recording","bat_acoust_9"
"112","Czechia","Sa1","AF","Pipistrellus pipistrellus",3,"Vespertilionidae","Chiroptera","bats","Jari Vandendriessche & Bob Vandendriessche","","","AudioMoth recording","bat_acoust_10"
"113","Czechia","Sa1","AF","Pipistrellus pygmaeus",13,"Vespertilionidae","Chiroptera","bats","Jari Vandendriessche & Bob Vandendriessche","","","AudioMoth recording","bat_acoust_11"
"114","Czechia","Sa1","AF","Plecotus auritus/austriacus",6,"Vespertilionidae","Chiroptera","bats","Jari Vandendriessche & Bob Vandendriessche","","","AudioMoth recording","bat_acoust_12"
"115","Czechia","Sa1","AF","Vespertilio murinus",1,"Vespertilionidae","Chiroptera","bats","Jari Vandendriessche & Bob Vandendriessche","","","AudioMoth recording","bat_acoust_13"
"116","Czechia","Sa1","Crtl","Hypsugo savii",3,"Vespertilionidae","Chiroptera","bats","Jari Vandendriessche & Bob Vandendriessche","","","AudioMoth recording","bat_acoust_1"
"117","Czechia","Sa1","Crtl","Myotis daubentonii",4,"Vespertilionidae","Chiroptera","bats","Jari Vandendriessche & Bob Vandendriessche","","","AudioMoth recording","bat_acoust_2"
"118","Czechia","Sa1","Crtl","Nyctalus leisleri",17,"Vespertilionidae","Chiroptera","bats","Jari Vandendriessche & Bob Vandendriessche","","","AudioMoth recording","bat_acoust_3"
"119","Czechia","Sa1","Crtl","Nyctalus noctula",16,"Vespertilionidae","Chiroptera","bats","Jari Vandendriessche & Bob Vandendriessche","","","AudioMoth recording","bat_acoust_4"
"120","Czechia","Sa1","Crtl","Pipistrellus nathusii",9,"Vespertilionidae","Chiroptera","bats","Jari Vandendriessche & Bob Vandendriessche","","","AudioMoth recording","bat_acoust_5"
"121","Czechia","Sa1","Crtl","Pipistrellus pipistrellus",25,"Vespertilionidae","Chiroptera","bats","Jari Vandendriessche & Bob Vandendriessche","","","AudioMoth recording","bat_acoust_6"
"122","Czechia","Sa1","Crtl","Pipistrellus pygmaeus",10,"Vespertilionidae","Chiroptera","bats","Jari Vandendriessche & Bob Vandendriessche","","","AudioMoth recording","bat_acoust_7"
"123","Czechia","Sa1","Crtl","Plecotus auritus/austriacus",2,"Vespertilionidae","Chiroptera","bats","Jari Vandendriessche & Bob Vandendriessche","","","AudioMoth recording","bat_acoust_8"
"124","Czechia","Sa2","AF","Barbastella barbastellus",4,"Vespertilionidae","Chiroptera","bats","Jari Vandendriessche & Bob Vandendriessche","","","AudioMoth recording","bat_acoust_1"
"125","Czechia","Sa2","AF","Hypsugo savii",1,"Vespertilionidae","Chiroptera","bats","Jari Vandendriessche & Bob Vandendriessche","","","AudioMoth recording","bat_acoust_2"
"126","Czechia","Sa2","AF","Myotis daubentonii",1,"Vespertilionidae","Chiroptera","bats","Jari Vandendriessche & Bob Vandendriessche","","","AudioMoth recording","bat_acoust_3"
"127","Czechia","Sa2","AF","Nyctalus leisleri",6,"Vespertilionidae","Chiroptera","bats","Jari Vandendriessche & Bob Vandendriessche","","","AudioMoth recording","bat_acoust_4"
"128","Czechia","Sa2","AF","Nyctalus noctula",1,"Vespertilionidae","Chiroptera","bats","Jari Vandendriessche & Bob Vandendriessche","","","AudioMoth recording","bat_acoust_5"
"129","Czechia","Sa2","AF","Pipistrellus nathusii",9,"Vespertilionidae","Chiroptera","bats","Jari Vandendriessche & Bob Vandendriessche","","","AudioMoth recording","bat_acoust_6"
"130","Czechia","Sa2","AF","Pipistrellus pygmaeus",10,"Vespertilionidae","Chiroptera","bats","Jari Vandendriessche & Bob Vandendriessche","","","AudioMoth recording","bat_acoust_7"
"131","Czechia","Sa2","AF","Plecotus auritus/austriacus",3,"Vespertilionidae","Chiroptera","bats","Jari Vandendriessche & Bob Vandendriessche","","","AudioMoth recording","bat_acoust_8"
"132","Czechia","Sa2","Crtl","Nyctalus noctula",1,"Vespertilionidae","Chiroptera","bats","Jari Vandendriessche & Bob Vandendriessche","","","AudioMoth recording","bat_acoust_1"
"133","Czechia","Sa2","Crtl","Pipistrellus pygmaeus",1,"Vespertilionidae","Chiroptera","bats","Jari Vandendriessche & Bob Vandendriessche","","","AudioMoth recording","bat_acoust_2"
"134","Czechia","Sa2","Crtl","Plecotus auritus/austriacus",1,"Vespertilionidae","Chiroptera","bats","Jari Vandendriessche & Bob Vandendriessche","","","AudioMoth recording","bat_acoust_3"
"135","Czechia","Ve1","AF","Barbastella barbastellus",1,"Vespertilionidae","Chiroptera","bats","Jari Vandendriessche & Bob Vandendriessche","","","AudioMoth recording","bat_acoust_1"
"136","Czechia","Ve1","AF","Myotis daubentonii",10,"Vespertilionidae","Chiroptera","bats","Jari Vandendriessche & Bob Vandendriessche","","","AudioMoth recording","bat_acoust_2"
"137","Czechia","Ve1","AF","Myotis nattereri",5,"Vespertilionidae","Chiroptera","bats","Jari Vandendriessche & Bob Vandendriessche","","","AudioMoth recording","bat_acoust_3"
"138","Czechia","Ve1","AF","Myotis spec.",21,"Vespertilionidae","Chiroptera","bats","Jari Vandendriessche & Bob Vandendriessche","","","AudioMoth recording","bat_acoust_4"
"139","Czechia","Ve1","AF","Nyctalus leisleri",1,"Vespertilionidae","Chiroptera","bats","Jari Vandendriessche & Bob Vandendriessche","","","AudioMoth recording","bat_acoust_5"
"140","Czechia","Ve1","AF","Nyctalus noctula",11,"Vespertilionidae","Chiroptera","bats","Jari Vandendriessche & Bob Vandendriessche","","","AudioMoth recording","bat_acoust_6"
"141","Czechia","Ve1","AF","Pipistrellus nathusii",1,"Vespertilionidae","Chiroptera","bats","Jari Vandendriessche & Bob Vandendriessche","","","AudioMoth recording","bat_acoust_7"
"142","Czechia","Ve1","AF","Pipistrellus pipistrellus",47,"Vespertilionidae","Chiroptera","bats","Jari Vandendriessche & Bob Vandendriessche","","","AudioMoth recording","bat_acoust_8"
"143","Czechia","Ve1","AF","Pipistrellus pygmaeus",18,"Vespertilionidae","Chiroptera","bats","Jari Vandendriessche & Bob Vandendriessche","","","AudioMoth recording","bat_acoust_9"
"144","Czechia","Ve1","AF","Rhinolophus hipposideros",1,"Rhinolophidae","Chiroptera","bats","Jari Vandendriessche & Bob Vandendriessche","","","AudioMoth recording","bat_acoust_10"
"145","Czechia","Ve1","AF spare","Cnephaeus serotinus",1,"Vespertilionidae","Chiroptera","bats","Jari Vandendriessche & Bob Vandendriessche","","","AudioMoth recording","bat_acoust_1"
"146","Czechia","Ve1","AF spare","Myotis daubentonii",2,"Vespertilionidae","Chiroptera","bats","Jari Vandendriessche & Bob Vandendriessche","","","AudioMoth recording","bat_acoust_2"
"147","Czechia","Ve1","AF spare","Myotis myotis",1,"Vespertilionidae","Chiroptera","bats","Jari Vandendriessche & Bob Vandendriessche","","","AudioMoth recording","bat_acoust_3"
"148","Czechia","Ve1","AF spare","Myotis nattereri",4,"Vespertilionidae","Chiroptera","bats","Jari Vandendriessche & Bob Vandendriessche","","","AudioMoth recording","bat_acoust_4"
"149","Czechia","Ve1","AF spare","Nyctalus leisleri",2,"Vespertilionidae","Chiroptera","bats","Jari Vandendriessche & Bob Vandendriessche","","","AudioMoth recording","bat_acoust_5"
"150","Czechia","Ve1","AF spare","Nyctalus noctula",6,"Vespertilionidae","Chiroptera","bats","Jari Vandendriessche & Bob Vandendriessche","","","AudioMoth recording","bat_acoust_6"
"151","Czechia","Ve1","AF spare","Pipistrellus pipistrellus",31,"Vespertilionidae","Chiroptera","bats","Jari Vandendriessche & Bob Vandendriessche","","","AudioMoth recording","bat_acoust_7"
"152","Czechia","Ve1","AF spare","Pipistrellus pygmaeus",15,"Vespertilionidae","Chiroptera","bats","Jari Vandendriessche & Bob Vandendriessche","","","AudioMoth recording","bat_acoust_8"
"153","Czechia","Ve1","AF spare","Plecotus auritus/austriacus",2,"Vespertilionidae","Chiroptera","bats","Jari Vandendriessche & Bob Vandendriessche","","","AudioMoth recording","bat_acoust_9"
"154","Czechia","Ve1","Crtl","Myotis daubentonii",1,"Vespertilionidae","Chiroptera","bats","Jari Vandendriessche & Bob Vandendriessche","","","AudioMoth recording","bat_acoust_1"
"155","Czechia","Ve1","Crtl","Myotis spec.",2,"Vespertilionidae","Chiroptera","bats","Jari Vandendriessche & Bob Vandendriessche","","","AudioMoth recording","bat_acoust_2"
"156","Czechia","Ve1","Crtl","Nyctalus leisleri",1,"Vespertilionidae","Chiroptera","bats","Jari Vandendriessche & Bob Vandendriessche","","","AudioMoth recording","bat_acoust_3"
"157","Czechia","Ve1","Crtl","Nyctalus noctula",5,"Vespertilionidae","Chiroptera","bats","Jari Vandendriessche & Bob Vandendriessche","","","AudioMoth recording","bat_acoust_4"
"158","Czechia","Ve1","Crtl","Pipistrellus nathusii",3,"Vespertilionidae","Chiroptera","bats","Jari Vandendriessche & Bob Vandendriessche","","","AudioMoth recording","bat_acoust_5"
"159","Czechia","Ve1","Crtl","Pipistrellus pipistrellus",47,"Vespertilionidae","Chiroptera","bats","Jari Vandendriessche & Bob Vandendriessche","","","AudioMoth recording","bat_acoust_6"
"160","Czechia","Ve1","Crtl","Pipistrellus pygmaeus",17,"Vespertilionidae","Chiroptera","bats","Jari Vandendriessche & Bob Vandendriessche","","","AudioMoth recording","bat_acoust_7"
"161","Czechia","Ve1","Crtl","Plecotus auritus/austriacus",4,"Vespertilionidae","Chiroptera","bats","Jari Vandendriessche & Bob Vandendriessche","","","AudioMoth recording","bat_acoust_8"
"162","Czechia","Za1","AF","Cnephaeus nilssonii",1,"Vespertilionidae","Chiroptera","bats","Jari Vandendriessche & Bob Vandendriessche","","","AudioMoth recording","bat_acoust_1"
"163","Czechia","Za1","AF","Hypsugo savii",2,"Vespertilionidae","Chiroptera","bats","Jari Vandendriessche & Bob Vandendriessche","","","AudioMoth recording","bat_acoust_2"
"164","Czechia","Za1","AF","Nyctalus leisleri",3,"Vespertilionidae","Chiroptera","bats","Jari Vandendriessche & Bob Vandendriessche","","","AudioMoth recording","bat_acoust_3"
"165","Czechia","Za1","AF","Nyctalus noctula",26,"Vespertilionidae","Chiroptera","bats","Jari Vandendriessche & Bob Vandendriessche","","","AudioMoth recording","bat_acoust_4"
"166","Czechia","Za1","AF","Pipistrellus nathusii",15,"Vespertilionidae","Chiroptera","bats","Jari Vandendriessche & Bob Vandendriessche","","","AudioMoth recording","bat_acoust_5"
"167","Czechia","Za1","AF","Pipistrellus pipistrellus",12,"Vespertilionidae","Chiroptera","bats","Jari Vandendriessche & Bob Vandendriessche","","","AudioMoth recording","bat_acoust_6"
"168","Czechia","Za1","AF","Pipistrellus pygmaeus",15,"Vespertilionidae","Chiroptera","bats","Jari Vandendriessche & Bob Vandendriessche","","","AudioMoth recording","bat_acoust_7"
"169","Czechia","Za1","AF","Plecotus auritus/austriacus",1,"Vespertilionidae","Chiroptera","bats","Jari Vandendriessche & Bob Vandendriessche","","","AudioMoth recording","bat_acoust_8"
"170","Czechia","Za1","Crtl","Cnephaeus nilssonii",2,"Vespertilionidae","Chiroptera","bats","Jari Vandendriessche & Bob Vandendriessche","","","AudioMoth recording","bat_acoust_1"
"171","Czechia","Za1","Crtl","Hypsugo savii",9,"Vespertilionidae","Chiroptera","bats","Jari Vandendriessche & Bob Vandendriessche","","","AudioMoth recording","bat_acoust_2"
"172","Czechia","Za1","Crtl","Nyctalus leisleri",3,"Vespertilionidae","Chiroptera","bats","Jari Vandendriessche & Bob Vandendriessche","","","AudioMoth recording","bat_acoust_3"
"173","Czechia","Za1","Crtl","Nyctalus noctula",16,"Vespertilionidae","Chiroptera","bats","Jari Vandendriessche & Bob Vandendriessche","","","AudioMoth recording","bat_acoust_4"
"174","Czechia","Za1","Crtl","Pipistrellus nathusii",8,"Vespertilionidae","Chiroptera","bats","Jari Vandendriessche & Bob Vandendriessche","","","AudioMoth recording","bat_acoust_5"
"175","Czechia","Za1","Crtl","Pipistrellus pipistrellus",6,"Vespertilionidae","Chiroptera","bats","Jari Vandendriessche & Bob Vandendriessche","","","AudioMoth recording","bat_acoust_6"
"176","Czechia","Za1","Crtl","Pipistrellus pygmaeus",15,"Vespertilionidae","Chiroptera","bats","Jari Vandendriessche & Bob Vandendriessche","","","AudioMoth recording","bat_acoust_7"
"177","Czechia","Za1","Crtl","Plecotus auritus/austriacus",2,"Vespertilionidae","Chiroptera","bats","Jari Vandendriessche & Bob Vandendriessche","","","AudioMoth recording","bat_acoust_8"
"178","Czechia","Za1","Crtl","Vespertilio murinus",1,"Vespertilionidae","Chiroptera","bats","Jari Vandendriessche & Bob Vandendriessche","","","AudioMoth recording","bat_acoust_9"
"179","France","Ca1","AF","Nyctalus leisleri",1,"Vespertilionidae","Chiroptera","bats","Jari Vandendriessche & Bob Vandendriessche","","","AudioMoth recording","bat_acoust_1"
"180","France","Ca1","AF","Pipistrellus pipistrellus",8,"Vespertilionidae","Chiroptera","bats","Jari Vandendriessche & Bob Vandendriessche","","","AudioMoth recording","bat_acoust_2"
"181","France","Ca1","AF","Pipistrellus pygmaeus",10,"Vespertilionidae","Chiroptera","bats","Jari Vandendriessche & Bob Vandendriessche","","","AudioMoth recording","bat_acoust_3"
"182","France","Ca1","AF","Plecotus auritus/austriacus",1,"Vespertilionidae","Chiroptera","bats","Jari Vandendriessche & Bob Vandendriessche","","","AudioMoth recording","bat_acoust_4"
"183","France","Ca1","AF","Rhinolophus ferrumequinum",1,"Rhinolophidae","Chiroptera","bats","Jari Vandendriessche & Bob Vandendriessche","","","AudioMoth recording","bat_acoust_5"
"184","France","Ca1","Crtl","Myotis nattereri/crypticus",15,"Vespertilionidae","Chiroptera","bats","Jari Vandendriessche & Bob Vandendriessche","","","AudioMoth recording","bat_acoust_1"
"185","France","Ca1","Crtl","Nyctalus leisleri",3,"Vespertilionidae","Chiroptera","bats","Jari Vandendriessche & Bob Vandendriessche","","","AudioMoth recording","bat_acoust_2"
"186","France","Ca1","Crtl","Nyctalus noctula",1,"Vespertilionidae","Chiroptera","bats","Jari Vandendriessche & Bob Vandendriessche","","","AudioMoth recording","bat_acoust_3"
"187","France","Ca1","Crtl","Pipistrellus nathusii/kuhlii",6,"Vespertilionidae","Chiroptera","bats","Jari Vandendriessche & Bob Vandendriessche","","","AudioMoth recording","bat_acoust_4"
"188","France","Ca1","Crtl","Pipistrellus pipistrellus",9,"Vespertilionidae","Chiroptera","bats","Jari Vandendriessche & Bob Vandendriessche","","","AudioMoth recording","bat_acoust_5"
"189","France","Ca1","Crtl","Pipistrellus pygmaeus",19,"Vespertilionidae","Chiroptera","bats","Jari Vandendriessche & Bob Vandendriessche","","","AudioMoth recording","bat_acoust_6"
"190","France","Ca1","Crtl","Plecotus auritus/austriacus",6,"Vespertilionidae","Chiroptera","bats","Jari Vandendriessche & Bob Vandendriessche","","","AudioMoth recording","bat_acoust_7"
"191","France","Ca1","Crtl","Rhinolophus ferrumequinum",1,"Rhinolophidae","Chiroptera","bats","Jari Vandendriessche & Bob Vandendriessche","","","AudioMoth recording","bat_acoust_8"
"192","France","ND1","AF","Hypsugo savii",6,"Vespertilionidae","Chiroptera","bats","Jari Vandendriessche & Bob Vandendriessche","","","AudioMoth recording","bat_acoust_1"
"193","France","ND1","AF","Myotis daubentonii/capacinii",2,"Vespertilionidae","Chiroptera","bats","Jari Vandendriessche & Bob Vandendriessche","","","AudioMoth recording","bat_acoust_2"
"194","France","ND1","AF","Myotis nattereri/crypticus",3,"Vespertilionidae","Chiroptera","bats","Jari Vandendriessche & Bob Vandendriessche","","","AudioMoth recording","bat_acoust_3"
"195","France","ND1","AF","Myotis spec.",1,"Vespertilionidae","Chiroptera","bats","Jari Vandendriessche & Bob Vandendriessche","","","AudioMoth recording","bat_acoust_4"
"196","France","ND1","AF","Nyctalus leisleri",121,"Vespertilionidae","Chiroptera","bats","Jari Vandendriessche & Bob Vandendriessche","","","AudioMoth recording","bat_acoust_5"
"197","France","ND1","AF","Nyctalus noctula",4,"Vespertilionidae","Chiroptera","bats","Jari Vandendriessche & Bob Vandendriessche","","","AudioMoth recording","bat_acoust_6"
"198","France","ND1","AF","Pipistrellus kuhlii",4,"Vespertilionidae","Chiroptera","bats","Jari Vandendriessche & Bob Vandendriessche","","","AudioMoth recording","bat_acoust_7"
"199","France","ND1","AF","Pipistrellus nathusii",1,"Vespertilionidae","Chiroptera","bats","Jari Vandendriessche & Bob Vandendriessche","","","AudioMoth recording","bat_acoust_8"
"200","France","ND1","AF","Pipistrellus nathusii/kuhlii",25,"Vespertilionidae","Chiroptera","bats","Jari Vandendriessche & Bob Vandendriessche","","","AudioMoth recording","bat_acoust_9"
"201","France","ND1","AF","Pipistrellus pipistrellus",56,"Vespertilionidae","Chiroptera","bats","Jari Vandendriessche & Bob Vandendriessche","","","AudioMoth recording","bat_acoust_10"
"202","France","ND1","AF","Pipistrellus pygmaeus",52,"Vespertilionidae","Chiroptera","bats","Jari Vandendriessche & Bob Vandendriessche","","","AudioMoth recording","bat_acoust_11"
"203","France","ND1","AF","Rhinolophus euryale",1,"Rhinolophidae","Chiroptera","bats","Jari Vandendriessche & Bob Vandendriessche","","","AudioMoth recording","bat_acoust_12"
"204","France","ND1","AF","Rhinolophus ferrumequinum",17,"Rhinolophidae","Chiroptera","bats","Jari Vandendriessche & Bob Vandendriessche","","","AudioMoth recording","bat_acoust_13"
"205","France","ND1","AF","Rhinolophus hipposideros",1,"Rhinolophidae","Chiroptera","bats","Jari Vandendriessche & Bob Vandendriessche","","","AudioMoth recording","bat_acoust_14"
"206","France","ND1","AF","Tadarida teniotis",39,"Molossidae","Chiroptera","bats","Jari Vandendriessche & Bob Vandendriessche","","","AudioMoth recording","bat_acoust_15"
"207","France","ND1","Crtl","Hypsugo savii",3,"Vespertilionidae","Chiroptera","bats","Jari Vandendriessche & Bob Vandendriessche","","","AudioMoth recording","bat_acoust_1"
"208","France","ND1","Crtl","Myotis nattereri/crypticus",5,"Vespertilionidae","Chiroptera","bats","Jari Vandendriessche & Bob Vandendriessche","","","AudioMoth recording","bat_acoust_2"
"209","France","ND1","Crtl","Nyctalus leisleri",65,"Vespertilionidae","Chiroptera","bats","Jari Vandendriessche & Bob Vandendriessche","","","AudioMoth recording","bat_acoust_3"
"210","France","ND1","Crtl","Nyctalus noctula",1,"Vespertilionidae","Chiroptera","bats","Jari Vandendriessche & Bob Vandendriessche","","","AudioMoth recording","bat_acoust_4"
"211","France","ND1","Crtl","Pipistrellus kuhlii",1,"Vespertilionidae","Chiroptera","bats","Jari Vandendriessche & Bob Vandendriessche","","","AudioMoth recording","bat_acoust_5"
"212","France","ND1","Crtl","Pipistrellus nathusii/kuhlii",24,"Vespertilionidae","Chiroptera","bats","Jari Vandendriessche & Bob Vandendriessche","","","AudioMoth recording","bat_acoust_6"
"213","France","ND1","Crtl","Pipistrellus pipistrellus",25,"Vespertilionidae","Chiroptera","bats","Jari Vandendriessche & Bob Vandendriessche","","","AudioMoth recording","bat_acoust_7"
"214","France","ND1","Crtl","Pipistrellus pygmaeus",29,"Vespertilionidae","Chiroptera","bats","Jari Vandendriessche & Bob Vandendriessche","","","AudioMoth recording","bat_acoust_8"
"215","France","ND1","Crtl","Rhinolophus ferrumequinum",9,"Rhinolophidae","Chiroptera","bats","Jari Vandendriessche & Bob Vandendriessche","","","AudioMoth recording","bat_acoust_9"
"216","France","ND1","Crtl","Tadarida teniotis",29,"Molossidae","Chiroptera","bats","Jari Vandendriessche & Bob Vandendriessche","","","AudioMoth recording","bat_acoust_10"
"217","France","PL1","AF","Hypsugo savii",1,"Vespertilionidae","Chiroptera","bats","Jari Vandendriessche & Bob Vandendriessche","","","AudioMoth recording","bat_acoust_1"
"218","France","PL1","AF","Myotis nattereri/crypticus",2,"Vespertilionidae","Chiroptera","bats","Jari Vandendriessche & Bob Vandendriessche","","","AudioMoth recording","bat_acoust_2"
"219","France","PL1","AF","Nyctalus leisleri",2,"Vespertilionidae","Chiroptera","bats","Jari Vandendriessche & Bob Vandendriessche","","","AudioMoth recording","bat_acoust_3"
"220","France","PL1","AF","Nyctalus noctula",2,"Vespertilionidae","Chiroptera","bats","Jari Vandendriessche & Bob Vandendriessche","","","AudioMoth recording","bat_acoust_4"
"221","France","PL1","AF","Pipistrellus nathusii/kuhlii",23,"Vespertilionidae","Chiroptera","bats","Jari Vandendriessche & Bob Vandendriessche","","","AudioMoth recording","bat_acoust_5"
"222","France","PL1","AF","Pipistrellus pipistrellus",10,"Vespertilionidae","Chiroptera","bats","Jari Vandendriessche & Bob Vandendriessche","","","AudioMoth recording","bat_acoust_6"
"223","France","PL1","AF","Pipistrellus pygmaeus",13,"Vespertilionidae","Chiroptera","bats","Jari Vandendriessche & Bob Vandendriessche","","","AudioMoth recording","bat_acoust_7"
"224","France","PL1","AF","Plecotus auritus/austriacus",2,"Vespertilionidae","Chiroptera","bats","Jari Vandendriessche & Bob Vandendriessche","","","AudioMoth recording","bat_acoust_8"
"225","France","PL1","AF","Tadarida teniotis",7,"Molossidae","Chiroptera","bats","Jari Vandendriessche & Bob Vandendriessche","","","AudioMoth recording","bat_acoust_9"
"226","France","PL1","AF","Vespertilio murinus",1,"Vespertilionidae","Chiroptera","bats","Jari Vandendriessche & Bob Vandendriessche","","","AudioMoth recording","bat_acoust_10"
"227","France","PL1","Crtl","Hypsugo savii",4,"Vespertilionidae","Chiroptera","bats","Jari Vandendriessche & Bob Vandendriessche","","","AudioMoth recording","bat_acoust_1"
"228","France","PL1","Crtl","Myotis daubentonii/capacinii",1,"Vespertilionidae","Chiroptera","bats","Jari Vandendriessche & Bob Vandendriessche","","","AudioMoth recording","bat_acoust_2"
"229","France","PL1","Crtl","Nyctalus leisleri",5,"Vespertilionidae","Chiroptera","bats","Jari Vandendriessche & Bob Vandendriessche","","","AudioMoth recording","bat_acoust_3"
"230","France","PL1","Crtl","Pipistrellus nathusii/kuhlii",18,"Vespertilionidae","Chiroptera","bats","Jari Vandendriessche & Bob Vandendriessche","","","AudioMoth recording","bat_acoust_4"
"231","France","PL1","Crtl","Pipistrellus pipistrellus",15,"Vespertilionidae","Chiroptera","bats","Jari Vandendriessche & Bob Vandendriessche","","","AudioMoth recording","bat_acoust_5"
"232","France","PL1","Crtl","Pipistrellus pygmaeus",10,"Vespertilionidae","Chiroptera","bats","Jari Vandendriessche & Bob Vandendriessche","","","AudioMoth recording","bat_acoust_6"
"233","France","PL1","Crtl","Plecotus auritus/austriacus",1,"Vespertilionidae","Chiroptera","bats","Jari Vandendriessche & Bob Vandendriessche","","","AudioMoth recording","bat_acoust_7"
"234","France","PL1","Crtl","Rhinolophus hipposideros",3,"Rhinolophidae","Chiroptera","bats","Jari Vandendriessche & Bob Vandendriessche","","","AudioMoth recording","bat_acoust_8"
"235","France","PL1","Crtl","Tadarida teniotis",19,"Molossidae","Chiroptera","bats","Jari Vandendriessche & Bob Vandendriessche","","","AudioMoth recording","bat_acoust_9"
"236","France","PL2","AF","Myotis daubentonii/capacinii",1,"Vespertilionidae","Chiroptera","bats","Jari Vandendriessche & Bob Vandendriessche","","","AudioMoth recording","bat_acoust_1"
"237","France","PL2","AF","Pipistrellus nathusii",1,"Vespertilionidae","Chiroptera","bats","Jari Vandendriessche & Bob Vandendriessche","","","AudioMoth recording","bat_acoust_2"
"238","France","PL2","AF","Pipistrellus nathusii/kuhlii",2,"Vespertilionidae","Chiroptera","bats","Jari Vandendriessche & Bob Vandendriessche","","","AudioMoth recording","bat_acoust_3"
"239","France","PL2","AF","Pipistrellus pipistrellus",13,"Vespertilionidae","Chiroptera","bats","Jari Vandendriessche & Bob Vandendriessche","","","AudioMoth recording","bat_acoust_4"
"240","France","PL2","AF","Pipistrellus pygmaeus",10,"Vespertilionidae","Chiroptera","bats","Jari Vandendriessche & Bob Vandendriessche","","","AudioMoth recording","bat_acoust_5"
"241","France","PL2","AF","Rhinolophus ferrumequinum",5,"Rhinolophidae","Chiroptera","bats","Jari Vandendriessche & Bob Vandendriessche","","","AudioMoth recording","bat_acoust_6"
"242","France","PL2","AF","Tadarida teniotis",8,"Molossidae","Chiroptera","bats","Jari Vandendriessche & Bob Vandendriessche","","","AudioMoth recording","bat_acoust_7"
"243","France","PL2","Crtl","Myotis nattereri/crypticus",2,"Vespertilionidae","Chiroptera","bats","Jari Vandendriessche & Bob Vandendriessche","","","AudioMoth recording","bat_acoust_1"
"244","France","PL2","Crtl","Nyctalus leisleri",4,"Vespertilionidae","Chiroptera","bats","Jari Vandendriessche & Bob Vandendriessche","","","AudioMoth recording","bat_acoust_2"
"245","France","PL2","Crtl","Pipistrellus nathusii/kuhlii",2,"Vespertilionidae","Chiroptera","bats","Jari Vandendriessche & Bob Vandendriessche","","","AudioMoth recording","bat_acoust_3"
"246","France","PL2","Crtl","Pipistrellus pipistrellus",7,"Vespertilionidae","Chiroptera","bats","Jari Vandendriessche & Bob Vandendriessche","","","AudioMoth recording","bat_acoust_4"
"247","France","PL2","Crtl","Pipistrellus pygmaeus",10,"Vespertilionidae","Chiroptera","bats","Jari Vandendriessche & Bob Vandendriessche","","","AudioMoth recording","bat_acoust_5"
"248","France","PL2","Crtl","Rhinolophus hipposideros",1,"Rhinolophidae","Chiroptera","bats","Jari Vandendriessche & Bob Vandendriessche","","","AudioMoth recording","bat_acoust_6"
"249","France","PL2","Crtl","Tadarida teniotis",16,"Molossidae","Chiroptera","bats","Jari Vandendriessche & Bob Vandendriessche","","","AudioMoth recording","bat_acoust_7"
"250","France","PL3","AF","Myotis nattereri/crypticus",1,"Vespertilionidae","Chiroptera","bats","Jari Vandendriessche & Bob Vandendriessche","","","AudioMoth recording","bat_acoust_1"
"251","France","PL3","AF","Nyctalus leisleri",6,"Vespertilionidae","Chiroptera","bats","Jari Vandendriessche & Bob Vandendriessche","","","AudioMoth recording","bat_acoust_2"
"252","France","PL3","AF","Pipistrellus nathusii/kuhlii",3,"Vespertilionidae","Chiroptera","bats","Jari Vandendriessche & Bob Vandendriessche","","","AudioMoth recording","bat_acoust_3"
"253","France","PL3","AF","Pipistrellus pipistrellus",12,"Vespertilionidae","Chiroptera","bats","Jari Vandendriessche & Bob Vandendriessche","","","AudioMoth recording","bat_acoust_4"
"254","France","PL3","AF","Pipistrellus pygmaeus",6,"Vespertilionidae","Chiroptera","bats","Jari Vandendriessche & Bob Vandendriessche","","","AudioMoth recording","bat_acoust_5"
"255","France","PL3","AF","Tadarida teniotis",2,"Molossidae","Chiroptera","bats","Jari Vandendriessche & Bob Vandendriessche","","","AudioMoth recording","bat_acoust_6"
"256","France","Pe1","AF","Myotis daubentonii/capacinii",2,"Vespertilionidae","Chiroptera","bats","Jari Vandendriessche & Bob Vandendriessche","","","AudioMoth recording","bat_acoust_1"
"257","France","Pe1","AF","Nyctalus leisleri",3,"Vespertilionidae","Chiroptera","bats","Jari Vandendriessche & Bob Vandendriessche","","","AudioMoth recording","bat_acoust_2"
"258","France","Pe1","AF","Nyctalus noctula",1,"Vespertilionidae","Chiroptera","bats","Jari Vandendriessche & Bob Vandendriessche","","","AudioMoth recording","bat_acoust_3"
"259","France","Pe1","AF","Pipistrellus kuhlii",9,"Vespertilionidae","Chiroptera","bats","Jari Vandendriessche & Bob Vandendriessche","","","AudioMoth recording","bat_acoust_4"
"260","France","Pe1","AF","Pipistrellus nathusii/kuhlii",26,"Vespertilionidae","Chiroptera","bats","Jari Vandendriessche & Bob Vandendriessche","","","AudioMoth recording","bat_acoust_5"
"261","France","Pe1","AF","Pipistrellus pipistrellus",26,"Vespertilionidae","Chiroptera","bats","Jari Vandendriessche & Bob Vandendriessche","","","AudioMoth recording","bat_acoust_6"
"262","France","Pe1","AF","Pipistrellus pygmaeus",32,"Vespertilionidae","Chiroptera","bats","Jari Vandendriessche & Bob Vandendriessche","","","AudioMoth recording","bat_acoust_7"
"263","France","Pe1","AF","Plecotus auritus/austriacus",1,"Vespertilionidae","Chiroptera","bats","Jari Vandendriessche & Bob Vandendriessche","","","AudioMoth recording","bat_acoust_8"
"264","France","Pe1","AF","Rhinolophus ferrumequinum",2,"Rhinolophidae","Chiroptera","bats","Jari Vandendriessche & Bob Vandendriessche","","","AudioMoth recording","bat_acoust_9"
"265","France","Pe1","AF","Tadarida teniotis",2,"Molossidae","Chiroptera","bats","Jari Vandendriessche & Bob Vandendriessche","","","AudioMoth recording","bat_acoust_10"
"266","France","Pe1","Crtl","Pipistrellus nathusii/kuhlii",11,"Vespertilionidae","Chiroptera","bats","Jari Vandendriessche & Bob Vandendriessche","","","AudioMoth recording","bat_acoust_1"
"267","France","Pe1","Crtl","Pipistrellus pipistrellus",3,"Vespertilionidae","Chiroptera","bats","Jari Vandendriessche & Bob Vandendriessche","","","AudioMoth recording","bat_acoust_2"
"268","France","Pe1","Crtl","Pipistrellus pygmaeus",23,"Vespertilionidae","Chiroptera","bats","Jari Vandendriessche & Bob Vandendriessche","","","AudioMoth recording","bat_acoust_3"
"269","France","Pe1","Crtl","Plecotus auritus/austriacus",1,"Vespertilionidae","Chiroptera","bats","Jari Vandendriessche & Bob Vandendriessche","","","AudioMoth recording","bat_acoust_4"
"270","Portugal","JS1","AF","Pipistrellus kuhlii",2,"Vespertilionidae","Chiroptera","bats","Jari Vandendriessche & Bob Vandendriessche","","","AudioMoth recording","bat_acoust_1"
"271","Portugal","JS2","AF","Pipistrellus kuhlii",1,"Vespertilionidae","Chiroptera","bats","Jari Vandendriessche & Bob Vandendriessche","","","AudioMoth recording","bat_acoust_1"
"272","Portugal","MV1","AF","Myotis daubentonii",1,"Vespertilionidae","Chiroptera","bats","Jari Vandendriessche & Bob Vandendriessche","","","AudioMoth recording","bat_acoust_1"
"273","Portugal","MV1","AF","Pipistrellus kuhlii",1,"Vespertilionidae","Chiroptera","bats","Jari Vandendriessche & Bob Vandendriessche","","","AudioMoth recording","bat_acoust_2"
"274","Portugal","MV1","AF","Pipistrellus pipistrellus",1,"Vespertilionidae","Chiroptera","bats","Jari Vandendriessche & Bob Vandendriessche","","","AudioMoth recording","bat_acoust_3"
"275","Portugal","MV1","AF","Pipistrellus pygmaeus",3,"Vespertilionidae","Chiroptera","bats","Jari Vandendriessche & Bob Vandendriessche","","","AudioMoth recording","bat_acoust_4"
"276","Portugal","MV1","Crtl","Myotis daubentonii",1,"Vespertilionidae","Chiroptera","bats","Jari Vandendriessche & Bob Vandendriessche","","","AudioMoth recording","bat_acoust_1"
"277","Portugal","MV1","Crtl","Pipistrellus pygmaeus",2,"Vespertilionidae","Chiroptera","bats","Jari Vandendriessche & Bob Vandendriessche","","","AudioMoth recording","bat_acoust_2"
"278","Portugal","MV2","AF","Pipistrellus pygmaeus",1,"Vespertilionidae","Chiroptera","bats","Jari Vandendriessche & Bob Vandendriessche","","","AudioMoth recording","bat_acoust_1"
"279","Portugal","MV3","AF","Nyctalus leisleri",1,"Vespertilionidae","Chiroptera","bats","Jari Vandendriessche & Bob Vandendriessche","","","AudioMoth recording","bat_acoust_1"
"280","Portugal","MV3","AF","Pipistrellus pygmaeus",2,"Vespertilionidae","Chiroptera","bats","Jari Vandendriessche & Bob Vandendriessche","","","AudioMoth recording","bat_acoust_2"
"281","Portugal","Mo1","AF","Pipistrellus kuhlii",3,"Vespertilionidae","Chiroptera","bats","Jari Vandendriessche & Bob Vandendriessche","","","AudioMoth recording","bat_acoust_1"
"282","Portugal","Mo1","Crtl","Pipistrellus kuhlii",9,"Vespertilionidae","Chiroptera","bats","Jari Vandendriessche & Bob Vandendriessche","","","AudioMoth recording","bat_acoust_1"
"283","Portugal","Mo1","Crtl","Rhinolophus ferrumequinum",1,"Rhinolophidae","Chiroptera","bats","Jari Vandendriessche & Bob Vandendriessche","","","AudioMoth recording","bat_acoust_2"
"284","UK","Ar1","AF","???",2,NA,NA,"bats","Jari Vandendriessche & Bob Vandendriessche","","","AudioMoth recording","bat_acoust_1"
"285","UK","Ar1","AF","Barbastella barbastellus",11,"Vespertilionidae","Chiroptera","bats","Jari Vandendriessche & Bob Vandendriessche","","","AudioMoth recording","bat_acoust_2"
"286","UK","Ar1","AF","Cnephaeus serotinus",1,"Vespertilionidae","Chiroptera","bats","Jari Vandendriessche & Bob Vandendriessche","","","AudioMoth recording","bat_acoust_3"
"287","UK","Ar1","AF","Myotis nattereri",30,"Vespertilionidae","Chiroptera","bats","Jari Vandendriessche & Bob Vandendriessche","","","AudioMoth recording","bat_acoust_4"
"288","UK","Ar1","AF","Nyctalus leisleri",3,"Vespertilionidae","Chiroptera","bats","Jari Vandendriessche & Bob Vandendriessche","","","AudioMoth recording","bat_acoust_5"
"289","UK","Ar1","AF","Nyctalus noctula",2,"Vespertilionidae","Chiroptera","bats","Jari Vandendriessche & Bob Vandendriessche","","","AudioMoth recording","bat_acoust_6"
"290","UK","Ar1","AF","Pipistrellus pipistrellus",102,"Vespertilionidae","Chiroptera","bats","Jari Vandendriessche & Bob Vandendriessche","","","AudioMoth recording","bat_acoust_7"
"291","UK","Ar1","AF","Pipistrellus pygmaeus",24,"Vespertilionidae","Chiroptera","bats","Jari Vandendriessche & Bob Vandendriessche","","","AudioMoth recording","bat_acoust_8"
"292","UK","Ar1","AF","Plecotus auritus/austriacus",24,"Vespertilionidae","Chiroptera","bats","Jari Vandendriessche & Bob Vandendriessche","","","AudioMoth recording","bat_acoust_9"
"293","UK","Ar1","Crtl","Barbastella barbastellus",1,"Vespertilionidae","Chiroptera","bats","Jari Vandendriessche & Bob Vandendriessche","","","AudioMoth recording","bat_acoust_1"
"294","UK","Ar1","Crtl","Myotis daubentonii",2,"Vespertilionidae","Chiroptera","bats","Jari Vandendriessche & Bob Vandendriessche","","","AudioMoth recording","bat_acoust_2"
"295","UK","Ar1","Crtl","Myotis nattereri",1,"Vespertilionidae","Chiroptera","bats","Jari Vandendriessche & Bob Vandendriessche","","","AudioMoth recording","bat_acoust_3"
"296","UK","Ar1","Crtl","Nyctalus leisleri",1,"Vespertilionidae","Chiroptera","bats","Jari Vandendriessche & Bob Vandendriessche","","","AudioMoth recording","bat_acoust_4"
"297","UK","Ar1","Crtl","Nyctalus noctula",3,"Vespertilionidae","Chiroptera","bats","Jari Vandendriessche & Bob Vandendriessche","","","AudioMoth recording","bat_acoust_5"
"298","UK","Ar1","Crtl","Pipistrellus pipistrellus",16,"Vespertilionidae","Chiroptera","bats","Jari Vandendriessche & Bob Vandendriessche","","","AudioMoth recording","bat_acoust_6"
"299","UK","Ar1","Crtl","Pipistrellus pygmaeus",3,"Vespertilionidae","Chiroptera","bats","Jari Vandendriessche & Bob Vandendriessche","","","AudioMoth recording","bat_acoust_7"
"300","UK","Ar1","Crtl","Plecotus auritus/austriacus",13,"Vespertilionidae","Chiroptera","bats","Jari Vandendriessche & Bob Vandendriessche","","","AudioMoth recording","bat_acoust_8"
"301","UK","Be1","AF","Barbastella barbastellus",6,"Vespertilionidae","Chiroptera","bats","Jari Vandendriessche & Bob Vandendriessche","","","AudioMoth recording","bat_acoust_1"
"302","UK","Be1","AF","Myotis daubentonii",35,"Vespertilionidae","Chiroptera","bats","Jari Vandendriessche & Bob Vandendriessche","","","AudioMoth recording","bat_acoust_2"
"303","UK","Be1","AF","Nyctalus noctula",35,"Vespertilionidae","Chiroptera","bats","Jari Vandendriessche & Bob Vandendriessche","","","AudioMoth recording","bat_acoust_3"
"304","UK","Be1","AF","Pipistrellus pipistrellus",33,"Vespertilionidae","Chiroptera","bats","Jari Vandendriessche & Bob Vandendriessche","","","AudioMoth recording","bat_acoust_4"
"305","UK","Be1","AF","Pipistrellus pygmaeus",26,"Vespertilionidae","Chiroptera","bats","Jari Vandendriessche & Bob Vandendriessche","","","AudioMoth recording","bat_acoust_5"
"306","UK","Be1","AF","Plecotus auritus/austriacus",15,"Vespertilionidae","Chiroptera","bats","Jari Vandendriessche & Bob Vandendriessche","","","AudioMoth recording","bat_acoust_6"
"307","UK","Be1","Crtl","Barbastella barbastellus",5,"Vespertilionidae","Chiroptera","bats","Jari Vandendriessche & Bob Vandendriessche","","","AudioMoth recording","bat_acoust_1"
"308","UK","Be1","Crtl","Myotis daubentonii",3,"Vespertilionidae","Chiroptera","bats","Jari Vandendriessche & Bob Vandendriessche","","","AudioMoth recording","bat_acoust_2"
"309","UK","Be1","Crtl","Nyctalus noctula",18,"Vespertilionidae","Chiroptera","bats","Jari Vandendriessche & Bob Vandendriessche","","","AudioMoth recording","bat_acoust_3"
"310","UK","Be1","Crtl","Pipistrellus pipistrellus",24,"Vespertilionidae","Chiroptera","bats","Jari Vandendriessche & Bob Vandendriessche","","","AudioMoth recording","bat_acoust_4"
"311","UK","Be1","Crtl","Pipistrellus pygmaeus",19,"Vespertilionidae","Chiroptera","bats","Jari Vandendriessche & Bob Vandendriessche","","","AudioMoth recording","bat_acoust_5"
"312","UK","Be1","Crtl","Plecotus auritus/austriacus",3,"Vespertilionidae","Chiroptera","bats","Jari Vandendriessche & Bob Vandendriessche","","","AudioMoth recording","bat_acoust_6"
"313","UK","Be2","AF","Myotis daubentonii",2,"Vespertilionidae","Chiroptera","bats","Jari Vandendriessche & Bob Vandendriessche","","","AudioMoth recording","bat_acoust_1"
"314","UK","Be2","AF","Nyctalus noctula",10,"Vespertilionidae","Chiroptera","bats","Jari Vandendriessche & Bob Vandendriessche","","","AudioMoth recording","bat_acoust_2"
"315","UK","Be2","AF","Pipistrellus pipistrellus",20,"Vespertilionidae","Chiroptera","bats","Jari Vandendriessche & Bob Vandendriessche","","","AudioMoth recording","bat_acoust_3"
"316","UK","Be2","AF","Pipistrellus pygmaeus",7,"Vespertilionidae","Chiroptera","bats","Jari Vandendriessche & Bob Vandendriessche","","","AudioMoth recording","bat_acoust_4"
"317","UK","Be2","AF","Plecotus auritus/austriacus",4,"Vespertilionidae","Chiroptera","bats","Jari Vandendriessche & Bob Vandendriessche","","","AudioMoth recording","bat_acoust_5"
"318","UK","Be2","Crtl","Myotis daubentonii",4,"Vespertilionidae","Chiroptera","bats","Jari Vandendriessche & Bob Vandendriessche","","","AudioMoth recording","bat_acoust_1"
"319","UK","Be2","Crtl","Myotis nattereri",2,"Vespertilionidae","Chiroptera","bats","Jari Vandendriessche & Bob Vandendriessche","","","AudioMoth recording","bat_acoust_2"
"320","UK","Be2","Crtl","Nyctalus noctula",30,"Vespertilionidae","Chiroptera","bats","Jari Vandendriessche & Bob Vandendriessche","","","AudioMoth recording","bat_acoust_3"
"321","UK","Be2","Crtl","Pipistrellus pipistrellus",22,"Vespertilionidae","Chiroptera","bats","Jari Vandendriessche & Bob Vandendriessche","","","AudioMoth recording","bat_acoust_4"
"322","UK","Be2","Crtl","Pipistrellus pygmaeus",2,"Vespertilionidae","Chiroptera","bats","Jari Vandendriessche & Bob Vandendriessche","","","AudioMoth recording","bat_acoust_5"
"323","UK","Be2","Crtl","Plecotus auritus/austriacus",1,"Vespertilionidae","Chiroptera","bats","Jari Vandendriessche & Bob Vandendriessche","","","AudioMoth recording","bat_acoust_6"
"324","UK","Pe1","AF","Nyctalus leisleri",2,"Vespertilionidae","Chiroptera","bats","Jari Vandendriessche & Bob Vandendriessche","","","AudioMoth recording","bat_acoust_1"
"325","UK","Pe1","AF","Nyctalus noctula",4,"Vespertilionidae","Chiroptera","bats","Jari Vandendriessche & Bob Vandendriessche","","","AudioMoth recording","bat_acoust_2"
"326","UK","Pe1","AF","Pipistrellus pipistrellus",17,"Vespertilionidae","Chiroptera","bats","Jari Vandendriessche & Bob Vandendriessche","","","AudioMoth recording","bat_acoust_3"
"327","UK","Pe1","AF","Pipistrellus pygmaeus",2,"Vespertilionidae","Chiroptera","bats","Jari Vandendriessche & Bob Vandendriessche","","","AudioMoth recording","bat_acoust_4"
"328","UK","Pe1","Crtl","Pipistrellus pipistrellus",7,"Vespertilionidae","Chiroptera","bats","Jari Vandendriessche & Bob Vandendriessche","","","AudioMoth recording","bat_acoust_1"
"329","UK","St1","AF","Myotis daubentonii",1,"Vespertilionidae","Chiroptera","bats","Jari Vandendriessche & Bob Vandendriessche","","","AudioMoth recording","bat_acoust_1"
"330","UK","St1","AF","Myotis nattereri",5,"Vespertilionidae","Chiroptera","bats","Jari Vandendriessche & Bob Vandendriessche","","","AudioMoth recording","bat_acoust_2"
"331","UK","St1","AF","Pipistrellus pipistrellus",17,"Vespertilionidae","Chiroptera","bats","Jari Vandendriessche & Bob Vandendriessche","","","AudioMoth recording","bat_acoust_3"
"332","UK","St1","Crtl","Myotis nattereri",1,"Vespertilionidae","Chiroptera","bats","Jari Vandendriessche & Bob Vandendriessche","","","AudioMoth recording","bat_acoust_1"
"333","UK","St1","Crtl","Nyctalus leisleri",9,"Vespertilionidae","Chiroptera","bats","Jari Vandendriessche & Bob Vandendriessche","","","AudioMoth recording","bat_acoust_2"
"334","UK","St1","Crtl","Nyctalus noctula",18,"Vespertilionidae","Chiroptera","bats","Jari Vandendriessche & Bob Vandendriessche","","","AudioMoth recording","bat_acoust_3"
"335","UK","St1","Crtl","Pipistrellus pipistrellus",29,"Vespertilionidae","Chiroptera","bats","Jari Vandendriessche & Bob Vandendriessche","","","AudioMoth recording","bat_acoust_4"
"336","UK","St1","Crtl","Pipistrellus pygmaeus",1,"Vespertilionidae","Chiroptera","bats","Jari Vandendriessche & Bob Vandendriessche","","","AudioMoth recording","bat_acoust_5"
"337","UK","St1","Crtl","Plecotus auritus/austriacus",1,"Vespertilionidae","Chiroptera","bats","Jari Vandendriessche & Bob Vandendriessche","","","AudioMoth recording","bat_acoust_6"
"338","UK","Wo1","AF","Myotis daubentonii",1,"Vespertilionidae","Chiroptera","bats","Jari Vandendriessche & Bob Vandendriessche","","","AudioMoth recording","bat_acoust_1"
"339","UK","Wo1","AF","Nyctalus leisleri",5,"Vespertilionidae","Chiroptera","bats","Jari Vandendriessche & Bob Vandendriessche","","","AudioMoth recording","bat_acoust_2"
"340","UK","Wo1","AF","Nyctalus noctula",12,"Vespertilionidae","Chiroptera","bats","Jari Vandendriessche & Bob Vandendriessche","","","AudioMoth recording","bat_acoust_3"
"341","UK","Wo1","AF","Pipistrellus pipistrellus",20,"Vespertilionidae","Chiroptera","bats","Jari Vandendriessche & Bob Vandendriessche","","","AudioMoth recording","bat_acoust_4"
"342","UK","Wo1","AF","Pipistrellus pygmaeus",3,"Vespertilionidae","Chiroptera","bats","Jari Vandendriessche & Bob Vandendriessche","","","AudioMoth recording","bat_acoust_5"
"343","UK","Wo1","AF","Plecotus auritus/austriacus",1,"Vespertilionidae","Chiroptera","bats","Jari Vandendriessche & Bob Vandendriessche","","","AudioMoth recording","bat_acoust_6"
"344","UK","Wo1","Crtl","Barbastella barbastellus",1,"Vespertilionidae","Chiroptera","bats","Jari Vandendriessche & Bob Vandendriessche","","","AudioMoth recording","bat_acoust_1"
"345","UK","Wo1","Crtl","Myotis daubentonii",2,"Vespertilionidae","Chiroptera","bats","Jari Vandendriessche & Bob Vandendriessche","","","AudioMoth recording","bat_acoust_2"
"346","UK","Wo1","Crtl","Myotis nattereri",1,"Vespertilionidae","Chiroptera","bats","Jari Vandendriessche & Bob Vandendriessche","","","AudioMoth recording","bat_acoust_3"
"347","UK","Wo1","Crtl","Nyctalus leisleri",4,"Vespertilionidae","Chiroptera","bats","Jari Vandendriessche & Bob Vandendriessche","","","AudioMoth recording","bat_acoust_4"
"348","UK","Wo1","Crtl","Nyctalus noctula",13,"Vespertilionidae","Chiroptera","bats","Jari Vandendriessche & Bob Vandendriessche","","","AudioMoth recording","bat_acoust_5"
"349","UK","Wo1","Crtl","Pipistrellus pipistrellus",14,"Vespertilionidae","Chiroptera","bats","Jari Vandendriessche & Bob Vandendriessche","","","AudioMoth recording","bat_acoust_6"
"350","UK","Wo1","Crtl","Pipistrellus pygmaeus",4,"Vespertilionidae","Chiroptera","bats","Jari Vandendriessche & Bob Vandendriessche","","","AudioMoth recording","bat_acoust_7"
"351","UK","Wo1","Crtl","Plecotus auritus/austriacus",6,"Vespertilionidae","Chiroptera","bats","Jari Vandendriessche & Bob Vandendriessche","","","AudioMoth recording","bat_acoust_8"
