"","Loc","Type","Spec","Family","Order","lat","lng","date","Sampletime","Spec_group","Det","Stage","Sex","Method","occurrenceID"
"1","Bo","crop","Pipistrellus pipistrellus","Vespertilionidae","Chiroptera",50.799289554817,4.81360686265912,2023-06-12,1,"bats","Jari Vandendriessche & Bob Vandendriessche","","","AudioMoth recording","DIGITAF_FLANDERS:cd196ed291ba97c9"
"2","Bo","crop","Nyctalus leisleri","Vespertilionidae","Chiroptera",50.799289554817,4.81360686265912,2023-06-12,1,"bats","Jari Vandendriessche & Bob Vandendriessche","","","AudioMoth recording","DIGITAF_FLANDERS:6417abfcc992993b"
"3","Bo","crtl","Pipistrellus pipistrellus","Vespertilionidae","Chiroptera",50.80072,4.812192,2023-06-12,1,"bats","Jari Vandendriessche & Bob Vandendriessche","","","AudioMoth recording","DIGITAF_FLANDERS:be240e8cf7cc6552"
"4","Bo","tree","Pipistrellus pipistrellus","Vespertilionidae","Chiroptera",50.798534,4.814494,2023-06-12,1,"bats","Jari Vandendriessche & Bob Vandendriessche","","","AudioMoth recording","DIGITAF_FLANDERS:0e2743aa6afd6844"
"5","Bo","tree","Nyctalus leisleri","Vespertilionidae","Chiroptera",50.798534,4.814494,2023-06-12,1,"bats","Jari Vandendriessche & Bob Vandendriessche","","","AudioMoth recording","DIGITAF_FLANDERS:64bab5e0eaf298cf"
"6","Bo","tree","Pipistrellus nathusii","Vespertilionidae","Chiroptera",50.798534,4.814494,2023-06-12,1,"bats","Jari Vandendriessche & Bob Vandendriessche","","","AudioMoth recording","DIGITAF_FLANDERS:37bbe79a22e2c85d"
"7","Bo1","crtl","Pipistrellus pipistrellus","Vespertilionidae","Chiroptera",50.830734,4.813417,2023-06-12,1,"bats","Jari Vandendriessche & Bob Vandendriessche","","","AudioMoth recording","DIGITAF_FLANDERS:a5a12ca4cec6b83c"
"8","Bo1","tree","Pipistrellus pipistrellus","Vespertilionidae","Chiroptera",50.831448,4.813626,2023-06-12,1,"bats","Jari Vandendriessche & Bob Vandendriessche","","","AudioMoth recording","DIGITAF_FLANDERS:6268989eebbb5f35"
"9","Bo2","crtl","Pipistrellus pipistrellus","Vespertilionidae","Chiroptera",50.804672,5.00229,2023-06-12,1,"bats","Jari Vandendriessche & Bob Vandendriessche","","","AudioMoth recording","DIGITAF_FLANDERS:502c5ddfbd64985c"
"10","Ge1","tree","Pipistrellus nathusii","Vespertilionidae","Chiroptera",51.01141,3.686242,2023-05-25,1,"bats","Jari Vandendriessche & Bob Vandendriessche","","","AudioMoth recording","DIGITAF_FLANDERS:3c66e126e3cb88c4"
"11","Ge1","tree","Pipistrellus pipistrellus","Vespertilionidae","Chiroptera",51.01141,3.686242,2023-05-25,1,"bats","Jari Vandendriessche & Bob Vandendriessche","","","AudioMoth recording","DIGITAF_FLANDERS:beb0af21479e25b1"
"12","Ge1","tree","Nyctalus noctula","Vespertilionidae","Chiroptera",51.01141,3.686242,2023-05-25,1,"bats","Jari Vandendriessche & Bob Vandendriessche","","","AudioMoth recording","DIGITAF_FLANDERS:35a8f169e024bc07"
"13","Ge1","tree","Cnephaeus serotinus","Vespertilionidae","Chiroptera",51.01141,3.686242,2023-05-25,1,"bats","Jari Vandendriessche & Bob Vandendriessche","","","AudioMoth recording","DIGITAF_FLANDERS:53c840b42c71611f"
"14","Ie","crop","Cnephaeus serotinus","Vespertilionidae","Chiroptera",50.898197,2.833149,2023-05-27,1,"bats","Jari Vandendriessche & Bob Vandendriessche","","","AudioMoth recording","DIGITAF_FLANDERS:871be65d69a940ca"
"15","Ie","crop","Pipistrellus nathusii","Vespertilionidae","Chiroptera",50.898197,2.833149,2023-05-27,1,"bats","Jari Vandendriessche & Bob Vandendriessche","","","AudioMoth recording","DIGITAF_FLANDERS:5580c4b56f6f8736"
"16","Ie","crop","Pipistrellus pipistrellus","Vespertilionidae","Chiroptera",50.898197,2.833149,2023-05-27,1,"bats","Jari Vandendriessche & Bob Vandendriessche","","","AudioMoth recording","DIGITAF_FLANDERS:a4e1c9aa23abb347"
"17","Ie","tree","Pipistrellus pipistrellus","Vespertilionidae","Chiroptera",50.897827,2.834499,2023-05-27,1,"bats","Jari Vandendriessche & Bob Vandendriessche","","","AudioMoth recording","DIGITAF_FLANDERS:571843ab7cb33b7d"
"18","Ie1","crtl","Pipistrellus nathusii","Vespertilionidae","Chiroptera",50.869884,2.80778,2023-05-27,1,"bats","Jari Vandendriessche & Bob Vandendriessche","","","AudioMoth recording","DIGITAF_FLANDERS:0c9ee18f21dd8f0a"
"19","Ie1","tree","Pipistrellus pipistrellus","Vespertilionidae","Chiroptera",50.868481,2.808143,2023-05-27,1,"bats","Jari Vandendriessche & Bob Vandendriessche","","","AudioMoth recording","DIGITAF_FLANDERS:3f88c211400a0cbd"
"20","Ie1","tree","Pipistrellus nathusii","Vespertilionidae","Chiroptera",50.868481,2.808143,2023-05-27,1,"bats","Jari Vandendriessche & Bob Vandendriessche","","","AudioMoth recording","DIGITAF_FLANDERS:b1ee9e4b79f148ff"
"21","Ie2","crtl","Pipistrellus pipistrellus","Vespertilionidae","Chiroptera",50.894154,2.837079,2023-05-27,1,"bats","Jari Vandendriessche & Bob Vandendriessche","","","AudioMoth recording","DIGITAF_FLANDERS:22fdd81bddfcecaf"
"22","Ie2","tree","Pipistrellus pipistrellus","Vespertilionidae","Chiroptera",50.892433,2.838647,2023-05-27,1,"bats","Jari Vandendriessche & Bob Vandendriessche","","","AudioMoth recording","DIGITAF_FLANDERS:48c09db2bd4620f2"
"23","Ie2","tree","Pipistrellus nathusii","Vespertilionidae","Chiroptera",50.892433,2.838647,2023-05-27,1,"bats","Jari Vandendriessche & Bob Vandendriessche","","","AudioMoth recording","DIGITAF_FLANDERS:66af767c5a7ebda9"
"24","L1","crtl","Pipistrellus pipistrellus","Vespertilionidae","Chiroptera",50.818477,4.672386,2023-06-10,1,"bats","Jari Vandendriessche & Bob Vandendriessche","","","AudioMoth recording","DIGITAF_FLANDERS:c45ea067a826e2bd"
"25","L1","crtl","Nyctalus leisleri/Vespertilio murinus","Vespertilionidae","Chiroptera",50.818477,4.672386,2023-06-10,1,"bats","Jari Vandendriessche & Bob Vandendriessche","","","AudioMoth recording","DIGITAF_FLANDERS:04009bc24e281bf9"
"26","L1","tree","Nyctalus leisleri/Vespertilio murinus","Vespertilionidae","Chiroptera",50.819168,4.673106,2023-06-10,1,"bats","Jari Vandendriessche & Bob Vandendriessche","","","AudioMoth recording","DIGITAF_FLANDERS:ebda18c550a6dbc7"
"27","L1","tree","Pipistrellus nathusii","Vespertilionidae","Chiroptera",50.819168,4.673106,2023-06-10,1,"bats","Jari Vandendriessche & Bob Vandendriessche","","","AudioMoth recording","DIGITAF_FLANDERS:0265e864b5978809"
"28","L1","tree","Pipistrellus pipistrellus","Vespertilionidae","Chiroptera",50.819168,4.673106,2023-06-10,1,"bats","Jari Vandendriessche & Bob Vandendriessche","","","AudioMoth recording","DIGITAF_FLANDERS:75782db3f060d061"
"29","L1","tree","Myotis spec.","Vespertilionidae","Chiroptera",50.819168,4.673106,2023-06-10,1,"bats","Jari Vandendriessche & Bob Vandendriessche","","","AudioMoth recording","DIGITAF_FLANDERS:456d13fcf5cd0952"
"30","L2","crtl","Cnephaeus serotinus","Vespertilionidae","Chiroptera",50.829258,4.671156,2023-06-10,1,"bats","Jari Vandendriessche & Bob Vandendriessche","","","AudioMoth recording","DIGITAF_FLANDERS:8491d2070a6f3ad3"
"31","L2","crtl","Pipistrellus pipistrellus","Vespertilionidae","Chiroptera",50.829258,4.671156,2023-06-10,1,"bats","Jari Vandendriessche & Bob Vandendriessche","","","AudioMoth recording","DIGITAF_FLANDERS:2c5534802e836c02"
"32","Mb","crtl","Pipistrellus pipistrellus","Vespertilionidae","Chiroptera",50.969597,3.755234,2023-06-14,1,"bats","Jari Vandendriessche & Bob Vandendriessche","","","AudioMoth recording","DIGITAF_FLANDERS:ae8b9ac783813797"
"33","Mb","crtl","Pipistrellus nathusii","Vespertilionidae","Chiroptera",50.969597,3.755234,2023-06-14,1,"bats","Jari Vandendriessche & Bob Vandendriessche","","","AudioMoth recording","DIGITAF_FLANDERS:3c11c19ac9c132a4"
"34","Mb","crtl","Nyctalus noctula","Vespertilionidae","Chiroptera",50.969597,3.755234,2023-06-14,1,"bats","Jari Vandendriessche & Bob Vandendriessche","","","AudioMoth recording","DIGITAF_FLANDERS:b62405d1bdb6ddbb"
"35","Mb","tree","Pipistrellus pipistrellus","Vespertilionidae","Chiroptera",50.970682,3.754116,2023-06-14,1,"bats","Jari Vandendriessche & Bob Vandendriessche","","","AudioMoth recording","DIGITAF_FLANDERS:973f8d8f7abdff31"
"36","Mb","tree","Pipistrellus nathusii","Vespertilionidae","Chiroptera",50.970682,3.754116,2023-06-14,1,"bats","Jari Vandendriessche & Bob Vandendriessche","","","AudioMoth recording","DIGITAF_FLANDERS:dc5f413bd7b86b2a"
"37","Mb1","crtl","Pipistrellus pipistrellus","Vespertilionidae","Chiroptera",50.962509,3.764582,2023-05-23,1,"bats","Jari Vandendriessche & Bob Vandendriessche","","","AudioMoth recording","DIGITAF_FLANDERS:86746b342f7e828a"
"38","Mb1","tree","Pipistrellus pipistrellus","Vespertilionidae","Chiroptera",50.96162,3.764554,2023-05-23,1,"bats","Jari Vandendriessche & Bob Vandendriessche","","","AudioMoth recording","DIGITAF_FLANDERS:efe41f63a63f6115"
"39","Me","crop","Pipistrellus pipistrellus","Vespertilionidae","Chiroptera",50.98959,3.828819,2023-05-24,1,"bats","Jari Vandendriessche & Bob Vandendriessche","","","AudioMoth recording","DIGITAF_FLANDERS:79669fb988cae5c7"
"40","Me","crop","Nyctalus noctula","Vespertilionidae","Chiroptera",50.98959,3.828819,2023-05-24,1,"bats","Jari Vandendriessche & Bob Vandendriessche","","","AudioMoth recording","DIGITAF_FLANDERS:7c0baabb0dadb5df"
"41","Me","crtl","Pipistrellus pipistrellus","Vespertilionidae","Chiroptera",50.988918,3.828591,2023-05-24,1,"bats","Jari Vandendriessche & Bob Vandendriessche","","","AudioMoth recording","DIGITAF_FLANDERS:421ea8985253011d"
"42","Me","tree","Pipistrellus pipistrellus","Vespertilionidae","Chiroptera",50.989864,3.829628,2023-05-24,1,"bats","Jari Vandendriessche & Bob Vandendriessche","","","AudioMoth recording","DIGITAF_FLANDERS:ef1cf21f3a25dc0e"
"43","Me","tree","Plecotus auritus/Plecotus austriacus","Vespertilionidae","Chiroptera",50.989864,3.829628,2023-05-24,1,"bats","Jari Vandendriessche & Bob Vandendriessche","","","AudioMoth recording","DIGITAF_FLANDERS:f5507b2bbf6999ae"
"44","Me1","crtl","Pipistrellus pipistrellus","Vespertilionidae","Chiroptera",50.99086,3.820881,2023-05-24,1,"bats","Jari Vandendriessche & Bob Vandendriessche","","","AudioMoth recording","DIGITAF_FLANDERS:58f2be11da879bca"
"45","Me1","tree","Pipistrellus pipistrellus","Vespertilionidae","Chiroptera",50.992008,3.820138,2023-05-24,1,"bats","Jari Vandendriessche & Bob Vandendriessche","","","AudioMoth recording","DIGITAF_FLANDERS:9b3093de0dc1d4eb"
"46","Me2","crtl","Pipistrellus pipistrellus","Vespertilionidae","Chiroptera",50.988483,3.808303,2023-05-24,1,"bats","Jari Vandendriessche & Bob Vandendriessche","","","AudioMoth recording","DIGITAF_FLANDERS:07620c07d6c08dba"
"47","Me2","tree","Pipistrellus pipistrellus","Vespertilionidae","Chiroptera",50.988411,3.808989,2023-05-24,1,"bats","Jari Vandendriessche & Bob Vandendriessche","","","AudioMoth recording","DIGITAF_FLANDERS:514de6d2a4a09d99"
"48","Oz","tree","Pipistrellus pipistrellus","Vespertilionidae","Chiroptera",50.930286,3.833097,2023-05-23,1,"bats","Jari Vandendriessche & Bob Vandendriessche","","","AudioMoth recording","DIGITAF_FLANDERS:dbf58995b252fc16"
"49","PL","crop","Pipistrellus pipistrellus","Vespertilionidae","Chiroptera",50.759422,4.036237,2023-06-14,1,"bats","Jari Vandendriessche & Bob Vandendriessche","","","AudioMoth recording","DIGITAF_FLANDERS:5e67c712573f986b"
"50","PL","crtl","Pipistrellus pipistrellus","Vespertilionidae","Chiroptera",50.75819,4.03304,2023-06-14,1,"bats","Jari Vandendriessche & Bob Vandendriessche","","","AudioMoth recording","DIGITAF_FLANDERS:e8bae2884f4170c9"
"51","PL","tree","Pipistrellus pipistrellus","Vespertilionidae","Chiroptera",50.760017,4.03697,2023-06-14,1,"bats","Jari Vandendriessche & Bob Vandendriessche","","","AudioMoth recording","DIGITAF_FLANDERS:20e0bfe3b3d50cf0"
"52","PL","tree","Pipistrellus nathusii","Vespertilionidae","Chiroptera",50.760017,4.03697,2023-06-14,1,"bats","Jari Vandendriessche & Bob Vandendriessche","","","AudioMoth recording","DIGITAF_FLANDERS:43884563053e3ce7"
"53","Ti1","crtl","Pipistrellus pipistrellus","Vespertilionidae","Chiroptera",51.014877,3.473279,2023-05-18,1,"bats","Jari Vandendriessche & Bob Vandendriessche","","","AudioMoth recording","DIGITAF_FLANDERS:762a6725ec87463a"
"54","Ti1","tree","Pipistrellus pipistrellus","Vespertilionidae","Chiroptera",51.017292,3.472148,2023-05-18,1,"bats","Jari Vandendriessche & Bob Vandendriessche","","","AudioMoth recording","DIGITAF_FLANDERS:bbf29e95f7bd17cd"
"55","TW","crop","Cnephaeus serotinus","Vespertilionidae","Chiroptera",50.930634,4.915771,2023-06-28,1,"bats","Jari Vandendriessche & Bob Vandendriessche","","","AudioMoth recording","DIGITAF_FLANDERS:3a9baaec2490bda0"
"56","TW","crop","Pipistrellus pipistrellus","Vespertilionidae","Chiroptera",50.930634,4.915771,2023-06-28,1,"bats","Jari Vandendriessche & Bob Vandendriessche","","","AudioMoth recording","DIGITAF_FLANDERS:e1e5ba8d0835b357"
"57","TW","crtl","Pipistrellus pipistrellus","Vespertilionidae","Chiroptera",50.92865,4.919942,2023-06-28,1,"bats","Jari Vandendriessche & Bob Vandendriessche","","","AudioMoth recording","DIGITAF_FLANDERS:f23a378ee54efd18"
"58","TW","crtl","Cnephaeus serotinus","Vespertilionidae","Chiroptera",50.92865,4.919942,2023-06-28,1,"bats","Jari Vandendriessche & Bob Vandendriessche","","","AudioMoth recording","DIGITAF_FLANDERS:d7454e122ea77e4e"
"59","TW","crtl","Myotis spec.","Vespertilionidae","Chiroptera",50.92865,4.919942,2023-06-28,1,"bats","Jari Vandendriessche & Bob Vandendriessche","","","AudioMoth recording","DIGITAF_FLANDERS:3a9acfa58935e605"
"60","TW","tree","Myotis spec.","Vespertilionidae","Chiroptera",50.931244,4.916273,2023-06-28,1,"bats","Jari Vandendriessche & Bob Vandendriessche","","","AudioMoth recording","DIGITAF_FLANDERS:f17bf1939074c80e"
"61","TW","tree","Plecotus auritus/Plecotus austriacus","Vespertilionidae","Chiroptera",50.931244,4.916273,2023-06-28,1,"bats","Jari Vandendriessche & Bob Vandendriessche","","","AudioMoth recording","DIGITAF_FLANDERS:e9f9686702ba2d2e"
"62","TW","tree","Pipistrellus pipistrellus","Vespertilionidae","Chiroptera",50.931244,4.916273,2023-06-28,1,"bats","Jari Vandendriessche & Bob Vandendriessche","","","AudioMoth recording","DIGITAF_FLANDERS:035a01fb2c4e94e3"
"63","TW1","crop","Cnephaeus serotinus","Vespertilionidae","Chiroptera",50.952758,4.725003,2023-06-28,1,"bats","Jari Vandendriessche & Bob Vandendriessche","","","AudioMoth recording","DIGITAF_FLANDERS:2845940d21a896fc"
"64","TW1","crop","Plecotus auritus/Plecotus austriacus","Vespertilionidae","Chiroptera",50.952758,4.725003,2023-06-28,1,"bats","Jari Vandendriessche & Bob Vandendriessche","","","AudioMoth recording","DIGITAF_FLANDERS:3bd1238f8a791982"
"65","TW1","crop","Pipistrellus pipistrellus","Vespertilionidae","Chiroptera",50.952758,4.725003,2023-06-28,1,"bats","Jari Vandendriessche & Bob Vandendriessche","","","AudioMoth recording","DIGITAF_FLANDERS:26197fac7e0763af"
"66","TW1","crop","Nyctalus noctula","Vespertilionidae","Chiroptera",50.952758,4.725003,2023-06-28,1,"bats","Jari Vandendriessche & Bob Vandendriessche","","","AudioMoth recording","DIGITAF_FLANDERS:f66d9011dc3184df"
"67","TW1","crtl","Nyctalus noctula","Vespertilionidae","Chiroptera",50.952572,4.724937,2023-06-28,1,"bats","Jari Vandendriessche & Bob Vandendriessche","","","AudioMoth recording","DIGITAF_FLANDERS:8d28affb3d585d31"
"68","TW1","crtl","Cnephaeus serotinus","Vespertilionidae","Chiroptera",50.952572,4.724937,2023-06-28,1,"bats","Jari Vandendriessche & Bob Vandendriessche","","","AudioMoth recording","DIGITAF_FLANDERS:64a6b7c83d596010"
"69","TW1","crtl","Pipistrellus pipistrellus","Vespertilionidae","Chiroptera",50.952572,4.724937,2023-06-28,1,"bats","Jari Vandendriessche & Bob Vandendriessche","","","AudioMoth recording","DIGITAF_FLANDERS:2e7da29d74d113cc"
"70","TW1","tree","Cnephaeus serotinus","Vespertilionidae","Chiroptera",50.953194,4.724807,2023-06-28,1,"bats","Jari Vandendriessche & Bob Vandendriessche","","","AudioMoth recording","DIGITAF_FLANDERS:1d33912e36c5ca77"
"71","TW1","tree","Pipistrellus pipistrellus","Vespertilionidae","Chiroptera",50.953194,4.724807,2023-06-28,1,"bats","Jari Vandendriessche & Bob Vandendriessche","","","AudioMoth recording","DIGITAF_FLANDERS:7387cc09349522c3"
"72","TW2","crtl","Nyctalus noctula/Nyctalus leisleri","Vespertilionidae","Chiroptera",50.93,4.91899,2023-06-28,1,"bats","Jari Vandendriessche & Bob Vandendriessche","","","AudioMoth recording","DIGITAF_FLANDERS:811044ac86581288"
"73","TW2","crtl","Cnephaeus serotinus","Vespertilionidae","Chiroptera",50.93,4.91899,2023-06-28,1,"bats","Jari Vandendriessche & Bob Vandendriessche","","","AudioMoth recording","DIGITAF_FLANDERS:66ccdb2e40f40620"
"74","TW2","crtl","Plecotus auritus/Plecotus austriacus","Vespertilionidae","Chiroptera",50.93,4.91899,2023-06-28,1,"bats","Jari Vandendriessche & Bob Vandendriessche","","","AudioMoth recording","DIGITAF_FLANDERS:5ce1166fa8cb259d"
"75","TW2","crtl","Pipistrellus pipistrellus","Vespertilionidae","Chiroptera",50.93,4.91899,2023-06-28,1,"bats","Jari Vandendriessche & Bob Vandendriessche","","","AudioMoth recording","DIGITAF_FLANDERS:696ea47d22a21aa3"
"76","TW2","tree","Plecotus auritus/Plecotus austriacus","Vespertilionidae","Chiroptera",50.929592,4.919866,2023-06-28,1,"bats","Jari Vandendriessche & Bob Vandendriessche","","","AudioMoth recording","DIGITAF_FLANDERS:18308281280c90e6"
"77","TW2","tree","Pipistrellus pipistrellus","Vespertilionidae","Chiroptera",50.929592,4.919866,2023-06-28,1,"bats","Jari Vandendriessche & Bob Vandendriessche","","","AudioMoth recording","DIGITAF_FLANDERS:dc7993dc4ed9ae89"
"78","TW2","tree","Cnephaeus serotinus","Vespertilionidae","Chiroptera",50.929592,4.919866,2023-06-28,1,"bats","Jari Vandendriessche & Bob Vandendriessche","","","AudioMoth recording","DIGITAF_FLANDERS:a6e5d568db4ffa57"
"79","TW2","tree","Nyctalus noctula/Nyctalus leisleri","Vespertilionidae","Chiroptera",50.929592,4.919866,2023-06-28,1,"bats","Jari Vandendriessche & Bob Vandendriessche","","","AudioMoth recording","DIGITAF_FLANDERS:48256f6f6a26a6fc"
"80","TW3","crtl","Pipistrellus nathusii","Vespertilionidae","Chiroptera",50.927067,4.925451,2023-06-28,1,"bats","Jari Vandendriessche & Bob Vandendriessche","","","AudioMoth recording","DIGITAF_FLANDERS:a6487fbf0aeb85c1"
"81","TW3","crtl","Pipistrellus pipistrellus","Vespertilionidae","Chiroptera",50.927067,4.925451,2023-06-28,1,"bats","Jari Vandendriessche & Bob Vandendriessche","","","AudioMoth recording","DIGITAF_FLANDERS:09e03af242357afe"
"82","TW3","crtl","Cnephaeus serotinus","Vespertilionidae","Chiroptera",50.927067,4.925451,2023-06-28,1,"bats","Jari Vandendriessche & Bob Vandendriessche","","","AudioMoth recording","DIGITAF_FLANDERS:f29157607f5cf79c"
"83","TW3","tree","Pipistrellus pipistrellus","Vespertilionidae","Chiroptera",50.926302,4.92707,2023-06-28,1,"bats","Jari Vandendriessche & Bob Vandendriessche","","","AudioMoth recording","DIGITAF_FLANDERS:0c87aff6fac765f7"
"84","Zo","crop","Pipistrellus pipistrellus","Vespertilionidae","Chiroptera",51.106331,3.55805,2023-05-19,1,"bats","Jari Vandendriessche & Bob Vandendriessche","","","AudioMoth recording","DIGITAF_FLANDERS:bce97221308d3d09"
"85","Zo","crtl","Pipistrellus pipistrellus","Vespertilionidae","Chiroptera",51.106567,3.557371,2023-05-19,1,"bats","Jari Vandendriessche & Bob Vandendriessche","","","AudioMoth recording","DIGITAF_FLANDERS:ab94356cc4c52b66"
"86","Zo","tree","Pipistrellus pipistrellus","Vespertilionidae","Chiroptera",51.105865,3.556603,2023-05-19,1,"bats","Jari Vandendriessche & Bob Vandendriessche","","","AudioMoth recording","DIGITAF_FLANDERS:a5518545c16c4be8"
"87","Zo1","crtl","Pipistrellus pipistrellus","Vespertilionidae","Chiroptera",51.107437,3.567569,2023-05-18,1,"bats","Jari Vandendriessche & Bob Vandendriessche","","","AudioMoth recording","DIGITAF_FLANDERS:2c4ec75fa47771a6"
"88","Zo1","crtl","Plecotus auritus/Plecotus austriacus","Vespertilionidae","Chiroptera",51.107437,3.567569,2023-05-18,1,"bats","Jari Vandendriessche & Bob Vandendriessche","","","AudioMoth recording","DIGITAF_FLANDERS:16579fb05c57134d"
"89","Zo1","tree","Pipistrellus pipistrellus","Vespertilionidae","Chiroptera",51.107109,3.566462,2023-05-18,1,"bats","Jari Vandendriessche & Bob Vandendriessche","","","AudioMoth recording","DIGITAF_FLANDERS:e0b1257b7f94817e"
"90","Zo2","tree","Pipistrellus pipistrellus","Vespertilionidae","Chiroptera",51.112732,3.537079,2023-05-19,1,"bats","Jari Vandendriessche & Bob Vandendriessche","","","AudioMoth recording","DIGITAF_FLANDERS:f8576e86ac693b7f"
"91","Zw","crop","Nyctalus leisleri","Vespertilionidae","Chiroptera",50.850731,3.71571,2023-06-02,1,"bats","Jari Vandendriessche & Bob Vandendriessche","","","AudioMoth recording","DIGITAF_FLANDERS:84e4cf35c3084577"
"92","Zw","crop","Pipistrellus pipistrellus","Vespertilionidae","Chiroptera",50.850731,3.71571,2023-06-02,1,"bats","Jari Vandendriessche & Bob Vandendriessche","","","AudioMoth recording","DIGITAF_FLANDERS:39ad50fca90fa602"
"93","Zw","crop","Pipistrellus nathusii","Vespertilionidae","Chiroptera",50.850731,3.71571,2023-06-02,1,"bats","Jari Vandendriessche & Bob Vandendriessche","","","AudioMoth recording","DIGITAF_FLANDERS:c6d17c3fbd47af88"
"94","Zw","crtl","Nyctalus leisleri","Vespertilionidae","Chiroptera",50.850586,3.71506,2023-06-02,1,"bats","Jari Vandendriessche & Bob Vandendriessche","","","AudioMoth recording","DIGITAF_FLANDERS:6b1be6cae3e9211c"
"95","Zw","crtl","Pipistrellus nathusii","Vespertilionidae","Chiroptera",50.850586,3.71506,2023-06-02,1,"bats","Jari Vandendriessche & Bob Vandendriessche","","","AudioMoth recording","DIGITAF_FLANDERS:9c5bb475d7ee87fa"
"96","Zw","crtl","Pipistrellus pipistrellus","Vespertilionidae","Chiroptera",50.850586,3.71506,2023-06-02,1,"bats","Jari Vandendriessche & Bob Vandendriessche","","","AudioMoth recording","DIGITAF_FLANDERS:4873c184ab273648"
"97","Zw","tree","Nyctalus leisleri","Vespertilionidae","Chiroptera",50.85034873,3.71592082647387,2023-06-02,1,"bats","Jari Vandendriessche & Bob Vandendriessche","","","AudioMoth recording","DIGITAF_FLANDERS:155389c7530766a5"
"98","Zw","tree","Pipistrellus nathusii","Vespertilionidae","Chiroptera",50.85034873,3.71592082647387,2023-06-02,1,"bats","Jari Vandendriessche & Bob Vandendriessche","","","AudioMoth recording","DIGITAF_FLANDERS:eb335d3544c5b9a2"
"99","Zw","tree","Pipistrellus pipistrellus","Vespertilionidae","Chiroptera",50.85034873,3.71592082647387,2023-06-02,1,"bats","Jari Vandendriessche & Bob Vandendriessche","","","AudioMoth recording","DIGITAF_FLANDERS:af6c543fbc9a1317"
"100","Zw1","tree","Pipistrellus pipistrellus","Vespertilionidae","Chiroptera",50.875347,3.7624,2023-06-02,1,"bats","Jari Vandendriessche & Bob Vandendriessche","","","AudioMoth recording","DIGITAF_FLANDERS:40b08421f028b649"
"101","Zw2","tree","Pipistrellus pipistrellus","Vespertilionidae","Chiroptera",50.842518,3.745591,2023-06-02,1,"bats","Jari Vandendriessche & Bob Vandendriessche","","","AudioMoth recording","DIGITAF_FLANDERS:fa02994831cc9351"
"102","Zw2","tree","Pipistrellus nathusii","Vespertilionidae","Chiroptera",50.842518,3.745591,2023-06-02,1,"bats","Jari Vandendriessche & Bob Vandendriessche","","","AudioMoth recording","DIGITAF_FLANDERS:f7cf6a01b2426add"
"103","Zw2","tree","Myotis daubentonii","Vespertilionidae","Chiroptera",50.842518,3.745591,2023-06-02,1,"bats","Jari Vandendriessche & Bob Vandendriessche","","","AudioMoth recording","DIGITAF_FLANDERS:bbfaa0fd0fcc77e0"
"104","Zw2","tree","Plecotus auritus/Plecotus austriacus","Vespertilionidae","Chiroptera",50.842518,3.745591,2023-06-02,1,"bats","Jari Vandendriessche & Bob Vandendriessche","","","AudioMoth recording","DIGITAF_FLANDERS:d19684b99f9fb254"
"105","Zw2","tree","Cnephaeus serotinus","Vespertilionidae","Chiroptera",50.842518,3.745591,2023-06-02,1,"bats","Jari Vandendriessche & Bob Vandendriessche","","","AudioMoth recording","DIGITAF_FLANDERS:d64e66ae0bc0cd69"
