"","country","Loc","Type","latname","Family","Order","Spec_group","Stage","Sex","Method","id"
"1","Belgium","Zo1","AF","Gryllotalpa gryllotalpa","Gryllotalpidae","Orthoptera","grasshoppers","Ad","","AudioMoth recording","other_acoust_1"
"2","Czechia","Hu1","AF","Gryllus campestris","Gryllidae","Orthoptera","grasshoppers","Ad","","AudioMoth recording","other_acoust_2"
"3","Czechia","Hu1","Crtl","Gryllus campestris","Gryllidae","Orthoptera","grasshoppers","Ad","","AudioMoth recording","other_acoust_3"
"4","Czechia","Sa1","AF","Gryllus campestris","Gryllidae","Orthoptera","grasshoppers","Ad","","AudioMoth recording","other_acoust_4"
"5","Czechia","Sa1","Crtl","Gryllus campestris","Gryllidae","Orthoptera","grasshoppers","Ad","","AudioMoth recording","other_acoust_5"
"6","Czechia","Sa2","AF","Gryllus campestris","Gryllidae","Orthoptera","grasshoppers","Ad","","AudioMoth recording","other_acoust_6"
"7","Czechia","Sa2","AF","Chorthippus brunneus","Acrididae","Orthoptera","grasshoppers","Ad","","AudioMoth recording","other_acoust_7"
"8","Czechia","Sa2","Crtl","Gryllus campestris","Gryllidae","Orthoptera","grasshoppers","Ad","","AudioMoth recording","other_acoust_8"
"9","Czechia","Sa Biocentrum","AF","Gryllus campestris","Gryllidae","Orthoptera","grasshoppers","Ad","","AudioMoth recording","other_acoust_9"
"10","Czechia","Sa Biocentrum","Crtl","Gryllus campestris","Gryllidae","Orthoptera","grasshoppers","Ad","","AudioMoth recording","other_acoust_10"
"11","Czechia","Za1","AF","Chorthippus brunneus","Acrididae","Orthoptera","grasshoppers","Ad","","AudioMoth recording","other_acoust_11"
"12","Czechia","Za1","AF","Gryllus campestris","Gryllidae","Orthoptera","grasshoppers","Ad","","AudioMoth recording","other_acoust_12"
"13","Czechia","Za1","Crtl","Gryllus campestris","Gryllidae","Orthoptera","grasshoppers","Ad","","AudioMoth recording","other_acoust_13"
"14","France","Ca1","AF","Gryllotalpa vineae","Gryllotalpidae","Orthoptera","grasshoppers","Ad","","AudioMoth recording","other_acoust_14"
"15","France","ND1","AF","Epidalea calamita","Bufonidae","Anura","herpetofauna","Ad","","AudioMoth recording","other_acoust_15"
"16","France","ND1","AF","Gryllotalpa vineae","Gryllotalpidae","Orthoptera","grasshoppers","Ad","","AudioMoth recording","other_acoust_16"
"17","France","ND1","Crtl","Epidalea calamita","Bufonidae","Anura","herpetofauna","Ad","","AudioMoth recording","other_acoust_17"
"18","France","ND1","Crtl","Gryllus campestris","Gryllidae","Orthoptera","grasshoppers","Ad","","AudioMoth recording","other_acoust_18"
"19","France","ND1","Crtl","Gryllotalpa vineae","Gryllotalpidae","Orthoptera","grasshoppers","Ad","","AudioMoth recording","other_acoust_19"
"20","France","Pe1","AF","Epidalea calamita","Bufonidae","Anura","herpetofauna","Ad","","AudioMoth recording","other_acoust_20"
"21","France","Pe1","Crtl","Epidalea calamita","Bufonidae","Anura","herpetofauna","Ad","","AudioMoth recording","other_acoust_21"
"22","France","PL3","AF","Epidalea calamita","Bufonidae","Anura","herpetofauna","Ad","","AudioMoth recording","other_acoust_22"
"23","France","PL3","Crtl","Epidalea calamita","Bufonidae","Anura","herpetofauna","Ad","","AudioMoth recording","other_acoust_23"
"24","France","PL3","Crtl","Gryllotalpa vineae","Gryllotalpidae","Orthoptera","grasshoppers","Ad","","AudioMoth recording","other_acoust_24"
"25","Portugal","JS1","AF","Gryllotalpa vineae","Gryllotalpidae","Orthoptera","grasshoppers","Ad","","AudioMoth recording","other_acoust_25"
"26","Portugal","JS1","crtl","Gryllotalpa vineae","Gryllotalpidae","Orthoptera","grasshoppers","Ad","","AudioMoth recording","other_acoust_26"
"27","Portugal","JS1","crtl","Gryllus campestris","Gryllidae","Orthoptera","grasshoppers","Ad","","AudioMoth recording","other_acoust_27"
"28","Portugal","JS2","crtl","Gryllotalpa vineae","Gryllotalpidae","Orthoptera","grasshoppers","Ad","","AudioMoth recording","other_acoust_28"
"29","Portugal","Mo1","Crtl","Antaxius spec.","Tettigoniidae","Orthoptera","grasshoppers","Ad","","AudioMoth recording","other_acoust_29"
"30","Portugal","Mo1","crtl","Antaxius spec.","Tettigoniidae","Orthoptera","grasshoppers","Ad","","AudioMoth recording","other_acoust_30"
"31","Portugal","MV1","AF","Gryllotalpa vineae","Gryllotalpidae","Orthoptera","grasshoppers","Ad","","AudioMoth recording","other_acoust_31"
"32","Portugal","MV1","crtl","Antaxius spec.","Tettigoniidae","Orthoptera","grasshoppers","Ad","","AudioMoth recording","other_acoust_32"
"33","Portugal","MV1","crtl","Gryllus campestris","Gryllidae","Orthoptera","grasshoppers","Ad","","AudioMoth recording","other_acoust_33"
"34","Portugal","MV2","AF","Gryllotalpa vineae","Gryllotalpidae","Orthoptera","grasshoppers","Ad","","AudioMoth recording","other_acoust_34"
"35","Portugal","MV2","AF","Antaxius spec.","Tettigoniidae","Orthoptera","grasshoppers","Ad","","AudioMoth recording","other_acoust_35"
"36","Portugal","MV2","crtl","Gryllotalpa vineae","Gryllotalpidae","Orthoptera","grasshoppers","Ad","","AudioMoth recording","other_acoust_36"
"37","Portugal","MV2","crtl","Antaxius spec.","Tettigoniidae","Orthoptera","grasshoppers","Ad","","AudioMoth recording","other_acoust_37"
"38","Portugal","MV3","AF","Antaxius spec.","Tettigoniidae","Orthoptera","grasshoppers","Ad","","AudioMoth recording","other_acoust_38"
"39","Portugal","MV3","Crtl","Antaxius spec.","Tettigoniidae","Orthoptera","grasshoppers","Ad","","AudioMoth recording","other_acoust_39"
"40","Portugal","MV3","Crtl","Gryllotalpa vineae","Gryllotalpidae","Orthoptera","grasshoppers","Ad","","AudioMoth recording","other_acoust_40"
"41","Portugal","MV3","crtl","Gryllotalpa vineae","Gryllotalpidae","Orthoptera","grasshoppers","Ad","","AudioMoth recording","other_acoust_41"
"42","Portugal","MV3","crtl","Antaxius spec.","Tettigoniidae","Orthoptera","grasshoppers","Ad","","AudioMoth recording","other_acoust_42"
"43","Belgium","Lo1","Crtl","Pelophylax spec.","Ranidae","Anura","herpetofauna","Ad","","AudioMoth recording","other_acoust_43"
"44","Czechia","Ve1","Crtl","Pelophylax spec.","Ranidae","Anura","herpetofauna","Ad","","AudioMoth recording","other_acoust_44"
"45","Belgium","Lo1","AF","Pelophylax spec.","Ranidae","Anura","herpetofauna","Ad","","AudioMoth recording","other_acoust_45"
